unix,date,symbol,open,high,low,close,Volume EOS,Volume USD
1599609600,2020-09-09 00:00:00,EOS/USD,2.763,2.774,2.696,2.728,193699.39,70780.3
1599523200,2020-09-08 00:00:00,EOS/USD,2.853,2.861,2.67,2.763,2023050.82,736211.9
1599436800,2020-09-07 00:00:00,EOS/USD,2.904,2.939,2.661,2.853,2431853.75,873486.3
1599350400,2020-09-06 00:00:00,EOS/USD,2.941,3.03,2.813,2.904,1932214.15,665214.2
1599264000,2020-09-05 00:00:00,EOS/USD,3.007,3.15,2.781,2.941,7485803.13,2541891.1
1599177600,2020-09-04 00:00:00,EOS/USD,2.625,3.24,2.59,3.007,5586432.83,1903716.3
1599091200,2020-09-03 00:00:00,EOS/USD,3.104,3.161,2.502,2.625,4215821.21,1468006.3
1599004800,2020-09-02 00:00:00,EOS/USD,3.474,3.5,2.895,3.104,5135367.16,1633567.6
1598918400,2020-09-01 00:00:00,EOS/USD,3.211,3.557,3.155,3.474,4035854.11,1192119.2
1598832000,2020-08-31 00:00:00,EOS/USD,3.262,3.294,3.195,3.211,1328413.68,409710.0
1598745600,2020-08-30 00:00:00,EOS/USD,3.127,3.272,3.126,3.262,2303706.21,716020.7
1598659200,2020-08-29 00:00:00,EOS/USD,3.117,3.205,3.086,3.127,1803194.65,573284.8
1598572800,2020-08-28 00:00:00,EOS/USD,2.98,3.176,2.942,3.117,1905539.9,617851.6
1598486400,2020-08-27 00:00:00,EOS/USD,3.118,3.15,2.86,2.98,2847996.22,952266.7
1598400000,2020-08-26 00:00:00,EOS/USD,3.123,3.169,3.061,3.118,1668510.39,533808.8
1598313600,2020-08-25 00:00:00,EOS/USD,3.387,3.391,2.964,3.123,3803224.57,1204109.8
1598227200,2020-08-24 00:00:00,EOS/USD,3.322,3.424,3.286,3.387,1811381.84,536360.9
1598140800,2020-08-23 00:00:00,EOS/USD,3.367,3.386,3.23,3.322,1377389.45,414427.0
1598054400,2020-08-22 00:00:00,EOS/USD,3.248,3.381,3.168,3.367,2753335.52,842559.5
1597968000,2020-08-21 00:00:00,EOS/USD,3.446,3.627,3.217,3.248,5920356.92,1721910.8
1597881600,2020-08-20 00:00:00,EOS/USD,3.35,3.461,3.35,3.446,2702123.54,792629.9
1597795200,2020-08-19 00:00:00,EOS/USD,3.587,3.629,3.218,3.35,4990605.28,1467565.8
1597708800,2020-08-18 00:00:00,EOS/USD,3.778,3.825,3.523,3.587,4911597.8,1342760.8
1597622400,2020-08-17 00:00:00,EOS/USD,3.882,3.914,3.68,3.778,7094570.32,1859047.6
1597536000,2020-08-16 00:00:00,EOS/USD,3.719,3.949,3.501,3.882,12910726.9,3418758.7
1597449600,2020-08-15 00:00:00,EOS/USD,3.267,3.856,3.265,3.719,14506817.36,4070494.0
1597363200,2020-08-14 00:00:00,EOS/USD,3.139,3.295,3.089,3.267,4581759.83,1433309.9
1597276800,2020-08-13 00:00:00,EOS/USD,3.026,3.149,2.92,3.139,3836159.76,1256035.0
1597190400,2020-08-12 00:00:00,EOS/USD,3.005,3.052,2.889,3.026,2514558.65,835887.4
1597104000,2020-08-11 00:00:00,EOS/USD,3.243,3.3,2.851,3.005,4639422.72,1494046.6
1597017600,2020-08-10 00:00:00,EOS/USD,3.033,3.301,3.004,3.243,5781597.05,1815379.3
1596931200,2020-08-09 00:00:00,EOS/USD,3.067,3.086,2.933,3.033,1901418.69,628905.1
1596844800,2020-08-08 00:00:00,EOS/USD,3.012,3.094,2.978,3.067,1246722.32,410654.7
1596758400,2020-08-07 00:00:00,EOS/USD,3.09,3.249,2.767,3.012,4063399.63,1342497.7
1596672000,2020-08-06 00:00:00,EOS/USD,3.058,3.182,3.004,3.09,2551341.95,827806.2
1596585600,2020-08-05 00:00:00,EOS/USD,3.037,3.102,3.002,3.058,1533273.31,502205.5
1596499200,2020-08-04 00:00:00,EOS/USD,3.049,3.106,2.961,3.037,2054273.48,676336.1
1596412800,2020-08-03 00:00:00,EOS/USD,2.946,3.128,2.904,3.049,2844048.45,936087.2
1596326400,2020-08-02 00:00:00,EOS/USD,3.309,3.5,2.62,2.946,5285058.43,1739228.5
1596240000,2020-08-01 00:00:00,EOS/USD,3.097,3.33,3.075,3.309,3316396.54,1031572.6
1596153600,2020-07-31 00:00:00,EOS/USD,3.051,3.147,3.014,3.097,1548387.94,503231.4
1596067200,2020-07-30 00:00:00,EOS/USD,3.025,3.105,2.958,3.051,1610524.99,534778.0
1595980800,2020-07-29 00:00:00,EOS/USD,3.001,3.149,2.958,3.025,2893954.48,943681.8
1595894400,2020-07-28 00:00:00,EOS/USD,2.852,3.08,2.779,3.001,3257753.57,1104174.9
1595808000,2020-07-27 00:00:00,EOS/USD,2.714,2.933,2.646,2.852,3456132.7,1231852.8
1595721600,2020-07-26 00:00:00,EOS/USD,2.731,2.808,2.679,2.714,1637192.83,599034.5
1595635200,2020-07-25 00:00:00,EOS/USD,2.6,2.749,2.594,2.731,1095060.83,406935.9
1595548800,2020-07-24 00:00:00,EOS/USD,2.658,2.658,2.537,2.6,783802.82,300924.4
1595462400,2020-07-23 00:00:00,EOS/USD,2.663,2.693,2.63,2.658,1174261.68,441244.6
1595376000,2020-07-22 00:00:00,EOS/USD,2.623,2.672,2.58,2.663,725780.28,277142.7
1595289600,2020-07-21 00:00:00,EOS/USD,2.564,2.636,2.556,2.623,1237628.75,473639.2
1595203200,2020-07-20 00:00:00,EOS/USD,2.583,2.61,2.536,2.564,785015.08,305498.9
1595116800,2020-07-19 00:00:00,EOS/USD,2.503,2.61,2.472,2.583,1093730.01,428026.1
1595030400,2020-07-18 00:00:00,EOS/USD,2.494,2.521,2.48,2.503,327669.29,130892.4
1594944000,2020-07-17 00:00:00,EOS/USD,2.497,2.519,2.473,2.494,401067.71,160681.7
1594857600,2020-07-16 00:00:00,EOS/USD,2.534,2.6,2.427,2.497,1163542.91,466474.6
1594771200,2020-07-15 00:00:00,EOS/USD,2.56,2.585,2.44,2.534,891289.71,351640.8
1594684800,2020-07-14 00:00:00,EOS/USD,2.552,2.573,2.503,2.56,769716.93,302268.8
1594598400,2020-07-13 00:00:00,EOS/USD,2.614,2.646,2.442,2.552,2002931.64,779464.2
1594512000,2020-07-12 00:00:00,EOS/USD,2.618,2.657,2.563,2.614,1111159.63,424308.7
1594425600,2020-07-11 00:00:00,EOS/USD,2.62,2.639,2.592,2.618,455224.42,173985.9
1594339200,2020-07-10 00:00:00,EOS/USD,2.648,2.649,2.572,2.62,918030.82,351781.8
1594252800,2020-07-09 00:00:00,EOS/USD,2.679,2.725,2.581,2.648,1463820.3,550342.1
1594166400,2020-07-08 00:00:00,EOS/USD,2.556,2.703,2.54,2.679,1718476.88,650058.8
1594080000,2020-07-07 00:00:00,EOS/USD,2.611,2.625,2.523,2.556,1131448.47,440519.4
1593993600,2020-07-06 00:00:00,EOS/USD,2.41,2.639,2.402,2.611,1578645.05,626919.5
1593907200,2020-07-05 00:00:00,EOS/USD,2.46,2.474,2.328,2.41,497110.79,206108.3
1593820800,2020-07-04 00:00:00,EOS/USD,2.418,2.497,2.411,2.46,651762.61,265061.3
1593734400,2020-07-03 00:00:00,EOS/USD,2.359,2.458,2.35,2.418,940187.91,388971.7
1593648000,2020-07-02 00:00:00,EOS/USD,2.378,2.388,2.304,2.359,1094597.35,465490.7
1593561600,2020-07-01 00:00:00,EOS/USD,2.367,2.4,2.354,2.378,184618.4,77603.5
1593475200,2020-06-30 00:00:00,EOS/USD,2.379,2.387,2.343,2.367,426429.47,180463.5
1593388800,2020-06-29 00:00:00,EOS/USD,2.368,2.417,2.322,2.379,848608.6,358336.8
1593302400,2020-06-28 00:00:00,EOS/USD,2.329,2.461,2.25,2.368,656863.12,277513.4
1593216000,2020-06-27 00:00:00,EOS/USD,2.477,2.481,2.18,2.329,1765745.66,752700.4
1593129600,2020-06-26 00:00:00,EOS/USD,2.478,2.51,2.385,2.477,1052799.24,428409.2
1593043200,2020-06-25 00:00:00,EOS/USD,2.496,2.527,2.428,2.478,928704.29,374202.4
1592956800,2020-06-24 00:00:00,EOS/USD,2.569,2.596,2.455,2.496,970353.01,385581.9
1592870400,2020-06-23 00:00:00,EOS/USD,2.586,2.597,2.556,2.569,719719.36,279550.4
1592784000,2020-06-22 00:00:00,EOS/USD,2.512,2.605,2.506,2.586,1003816.99,391421.7
1592697600,2020-06-21 00:00:00,EOS/USD,2.537,2.555,2.506,2.512,309210.33,122286.0
1592611200,2020-06-20 00:00:00,EOS/USD,2.522,2.555,2.45,2.537,805622.68,320901.8
1592524800,2020-06-19 00:00:00,EOS/USD,2.534,2.548,2.499,2.522,695063.79,275249.6
1592438400,2020-06-18 00:00:00,EOS/USD,2.567,2.573,2.495,2.534,730413.04,287690.0
1592352000,2020-06-17 00:00:00,EOS/USD,2.552,2.605,2.513,2.567,752975.86,294024.8
1592265600,2020-06-16 00:00:00,EOS/USD,2.531,2.567,2.521,2.552,752373.82,295607.9
1592179200,2020-06-15 00:00:00,EOS/USD,2.566,2.568,2.42,2.531,1916309.64,769742.5
1592092800,2020-06-14 00:00:00,EOS/USD,2.603,2.608,2.525,2.566,781213.04,304590.0
1592006400,2020-06-13 00:00:00,EOS/USD,2.598,2.619,2.551,2.603,714163.6,276086.7
1591920000,2020-06-12 00:00:00,EOS/USD,2.512,2.622,2.485,2.598,1176204.25,459002.2
1591833600,2020-06-11 00:00:00,EOS/USD,2.759,2.776,2.423,2.512,2632192.17,1016042.4
1591747200,2020-06-10 00:00:00,EOS/USD,2.752,2.787,2.709,2.759,1788978.32,650640.7
1591660800,2020-06-09 00:00:00,EOS/USD,2.789,2.803,2.678,2.752,1865212.73,679041.7
1591574400,2020-06-08 00:00:00,EOS/USD,2.812,2.82,2.752,2.789,1089365.1,392173.1
1591488000,2020-06-07 00:00:00,EOS/USD,2.798,2.828,2.733,2.812,816578.77,293496.3
1591401600,2020-06-06 00:00:00,EOS/USD,2.814,2.843,2.768,2.798,1074786.21,382684.3
1591315200,2020-06-05 00:00:00,EOS/USD,2.722,2.868,2.707,2.814,2583371.86,922955.6
1591228800,2020-06-04 00:00:00,EOS/USD,2.698,2.749,2.664,2.722,1170228.83,430377.0
1591142400,2020-06-03 00:00:00,EOS/USD,2.681,2.708,2.635,2.698,904608.93,338541.0
1591056000,2020-06-02 00:00:00,EOS/USD,2.821,2.889,2.585,2.681,2582430.73,943072.8
1590969600,2020-06-01 00:00:00,EOS/USD,2.672,2.836,2.662,2.821,1653425.66,605652.1
1590883200,2020-05-31 00:00:00,EOS/USD,2.77,2.772,2.645,2.672,1189345.88,437856.3
1590796800,2020-05-30 00:00:00,EOS/USD,2.615,2.783,2.596,2.77,1202948.93,445483.6
1590710400,2020-05-29 00:00:00,EOS/USD,2.611,2.669,2.589,2.615,1058333.67,402198.1
1590624000,2020-05-28 00:00:00,EOS/USD,2.571,2.62,2.518,2.611,1194108.01,463846.9
1590537600,2020-05-27 00:00:00,EOS/USD,2.503,2.577,2.5,2.571,812729.58,319940.0
1590451200,2020-05-26 00:00:00,EOS/USD,2.53,2.536,2.456,2.503,776077.21,309941.9
1590364800,2020-05-25 00:00:00,EOS/USD,2.488,2.547,2.447,2.53,819797.9,326625.0
1590278400,2020-05-24 00:00:00,EOS/USD,2.565,2.61,2.485,2.488,1278883.41,500732.3
1590192000,2020-05-23 00:00:00,EOS/USD,2.593,2.624,2.545,2.565,729023.32,282405.2
1590105600,2020-05-22 00:00:00,EOS/USD,2.459,2.638,2.439,2.593,2254339.46,886411.5
1590019200,2020-05-21 00:00:00,EOS/USD,2.597,2.615,2.402,2.459,1601458.93,641767.8
1589932800,2020-05-20 00:00:00,EOS/USD,2.654,2.676,2.5,2.597,1999691.17,762647.2
1589846400,2020-05-19 00:00:00,EOS/USD,2.663,2.668,2.569,2.654,1299857.68,495929.8
1589760000,2020-05-18 00:00:00,EOS/USD,2.617,2.748,2.607,2.663,1807548.64,676209.9
1589673600,2020-05-17 00:00:00,EOS/USD,2.636,2.674,2.597,2.617,824473.81,312494.2
1589587200,2020-05-16 00:00:00,EOS/USD,2.582,2.684,2.57,2.636,1224473.18,464707.3
1589500800,2020-05-15 00:00:00,EOS/USD,2.623,2.666,2.533,2.582,2284206.96,879176.5
1589414400,2020-05-14 00:00:00,EOS/USD,2.524,2.653,2.473,2.623,1953421.02,766003.3
1589328000,2020-05-13 00:00:00,EOS/USD,2.442,2.562,2.426,2.524,1375426.3,550674.6
1589241600,2020-05-12 00:00:00,EOS/USD,2.402,2.472,2.399,2.442,1096406.59,449940.2
1589155200,2020-05-11 00:00:00,EOS/USD,2.445,2.494,2.277,2.402,2225249.57,933960.5
1589068800,2020-05-10 00:00:00,EOS/USD,2.751,2.754,2.168,2.445,3538366.46,1451033.0
1588982400,2020-05-09 00:00:00,EOS/USD,2.756,2.838,2.735,2.751,1556361.16,558328.5
1588896000,2020-05-08 00:00:00,EOS/USD,2.762,2.826,2.702,2.756,2291518.73,829131.7
1588809600,2020-05-07 00:00:00,EOS/USD,2.66,2.8,2.591,2.762,2337279.26,861313.4
1588723200,2020-05-06 00:00:00,EOS/USD,2.774,2.825,2.622,2.66,1304704.77,474377.8
1588636800,2020-05-05 00:00:00,EOS/USD,2.775,2.831,2.72,2.774,765575.47,276263.2
1588550400,2020-05-04 00:00:00,EOS/USD,2.843,2.849,2.634,2.775,1734253.98,635696.8
1588464000,2020-05-03 00:00:00,EOS/USD,2.943,3.012,2.775,2.843,1357882.29,471001.4
1588377600,2020-05-02 00:00:00,EOS/USD,2.873,2.951,2.857,2.943,924183.93,318067.4
1588291200,2020-05-01 00:00:00,EOS/USD,2.824,2.932,2.821,2.873,1130319.53,393260.0
1588204800,2020-04-30 00:00:00,EOS/USD,3.01,3.12,2.75,2.824,3291307.84,1122576.9
1588118400,2020-04-29 00:00:00,EOS/USD,2.771,3.1,2.755,3.01,3985411.86,1362914.1
1588032000,2020-04-28 00:00:00,EOS/USD,2.749,2.78,2.691,2.771,1169711.58,427779.4
1587945600,2020-04-27 00:00:00,EOS/USD,2.742,2.822,2.684,2.749,1432311.61,520956.8
1587859200,2020-04-26 00:00:00,EOS/USD,2.705,2.782,2.675,2.742,1056593.5,388267.7
1587772800,2020-04-25 00:00:00,EOS/USD,2.709,2.816,2.66,2.705,1311015.07,481835.2
1587686400,2020-04-24 00:00:00,EOS/USD,2.682,2.739,2.661,2.709,752212.51,277802.6
1587600000,2020-04-23 00:00:00,EOS/USD,2.626,2.768,2.579,2.682,1442463.81,538920.2
1587513600,2020-04-22 00:00:00,EOS/USD,2.524,2.657,2.509,2.626,970378.15,373769.1
1587427200,2020-04-21 00:00:00,EOS/USD,2.513,2.574,2.485,2.524,859847.22,339739.6
1587340800,2020-04-20 00:00:00,EOS/USD,2.602,2.71,2.439,2.513,2221082.44,859182.4
1587254400,2020-04-19 00:00:00,EOS/USD,2.729,2.739,2.536,2.602,1798925.19,684411.4
1587168000,2020-04-18 00:00:00,EOS/USD,2.615,2.769,2.614,2.729,1556478.85,576344.0
1587081600,2020-04-17 00:00:00,EOS/USD,2.661,2.677,2.584,2.615,877007.48,333995.8
1586995200,2020-04-16 00:00:00,EOS/USD,2.401,2.725,2.333,2.661,2295437.7,888470.4
1586908800,2020-04-15 00:00:00,EOS/USD,2.469,2.502,2.391,2.401,769445.12,314621.4
1586822400,2020-04-14 00:00:00,EOS/USD,2.448,2.507,2.42,2.469,686655.62,278245.5
1586736000,2020-04-13 00:00:00,EOS/USD,2.497,2.497,2.333,2.448,1384528.43,573953.7
1586649600,2020-04-12 00:00:00,EOS/USD,2.514,2.598,2.461,2.497,807325.82,317358.2
1586563200,2020-04-11 00:00:00,EOS/USD,2.499,2.559,2.425,2.514,1176888.06,470313.7
1586476800,2020-04-10 00:00:00,EOS/USD,2.726,2.75,2.415,2.499,2233699.26,881762.4
1586390400,2020-04-09 00:00:00,EOS/USD,2.75,2.763,2.685,2.726,931835.78,341890.9
1586304000,2020-04-08 00:00:00,EOS/USD,2.636,2.798,2.587,2.75,1979284.65,727798.5
1586217600,2020-04-07 00:00:00,EOS/USD,2.763,2.827,2.55,2.636,2250815.13,830180.7
1586131200,2020-04-06 00:00:00,EOS/USD,2.356,2.772,2.351,2.763,2378809.73,913275.6
1586044800,2020-04-05 00:00:00,EOS/USD,2.362,2.395,2.315,2.356,682350.91,290670.5
1585958400,2020-04-04 00:00:00,EOS/USD,2.335,2.408,2.289,2.362,559873.97,238503.8
1585872000,2020-04-03 00:00:00,EOS/USD,2.294,2.385,2.274,2.335,586865.05,252121.7
1585785600,2020-04-02 00:00:00,EOS/USD,2.26,2.5,2.253,2.294,1031991.82,442465.2
1585699200,2020-04-01 00:00:00,EOS/USD,2.22,2.271,2.137,2.26,521798.73,237309.2
1585612800,2020-03-31 00:00:00,EOS/USD,2.232,2.255,2.191,2.22,338409.54,152262.6
1585526400,2020-03-30 00:00:00,EOS/USD,2.114,2.285,2.108,2.232,478909.11,215422.4
1585440000,2020-03-29 00:00:00,EOS/USD,2.205,2.213,2.098,2.114,956325.29,439172.4
1585353600,2020-03-28 00:00:00,EOS/USD,2.192,2.246,2.094,2.205,1617947.53,747067.8
1585267200,2020-03-27 00:00:00,EOS/USD,2.335,2.378,2.14,2.192,966271.8,422252.6
1585180800,2020-03-26 00:00:00,EOS/USD,2.298,2.347,2.267,2.335,376633.34,163478.2
1585094400,2020-03-25 00:00:00,EOS/USD,2.351,2.377,2.237,2.298,689595.72,298966.6
1585008000,2020-03-24 00:00:00,EOS/USD,2.296,2.386,2.281,2.351,714159.24,306341.0
1584921600,2020-03-23 00:00:00,EOS/USD,2.136,2.35,2.062,2.296,1169368.93,524070.2
1584835200,2020-03-22 00:00:00,EOS/USD,2.277,2.394,2.115,2.136,1429385.2,648546.4
1584748800,2020-03-21 00:00:00,EOS/USD,2.203,2.36,2.106,2.277,1322768.1,592822.4
1584662400,2020-03-20 00:00:00,EOS/USD,2.29,2.53,1.908,2.203,2631298.28,1165460.6
1584576000,2020-03-19 00:00:00,EOS/USD,2.002,2.406,1.979,2.29,2917022.54,1318273.5
1584489600,2020-03-18 00:00:00,EOS/USD,1.977,2.01,1.876,2.002,1474793.94,755389.6
1584403200,2020-03-17 00:00:00,EOS/USD,1.9,2.041,1.869,1.977,1718153.17,869175.2
1584316800,2020-03-16 00:00:00,EOS/USD,2.039,2.041,1.704,1.9,2552212.34,1383754.1
1584230400,2020-03-15 00:00:00,EOS/USD,1.958,2.155,1.937,2.039,1578423.79,780724.6
1584144000,2020-03-14 00:00:00,EOS/USD,2.126,2.144,1.927,1.958,2264447.9,1118774.3
1584057600,2020-03-13 00:00:00,EOS/USD,1.786,2.25,1.426,2.126,8783929.79,4626719.6
1583971200,2020-03-12 00:00:00,EOS/USD,3.073,3.08,1.693,1.786,5274714.53,2274391.3
1583884800,2020-03-11 00:00:00,EOS/USD,3.069,3.114,2.847,3.073,2388799.85,798488.4
1583798400,2020-03-10 00:00:00,EOS/USD,3.06,3.153,2.997,3.069,2278692.18,741485.4
1583712000,2020-03-09 00:00:00,EOS/USD,3.045,3.167,2.843,3.06,3877152.68,1283665.0
1583625600,2020-03-08 00:00:00,EOS/USD,3.648,3.648,2.995,3.045,4300651.66,1320077.1
1583539200,2020-03-07 00:00:00,EOS/USD,3.845,3.85,3.621,3.648,1359904.65,364735.6
1583452800,2020-03-06 00:00:00,EOS/USD,3.768,3.862,3.713,3.845,1226908.65,324428.9
1583366400,2020-03-05 00:00:00,EOS/USD,3.592,3.844,3.592,3.768,2236570.1,602027.7
1583280000,2020-03-04 00:00:00,EOS/USD,3.622,3.669,3.52,3.592,1507955.41,419502.7
1583193600,2020-03-03 00:00:00,EOS/USD,3.714,3.72,3.553,3.622,1569949.98,432406.4
1583107200,2020-03-02 00:00:00,EOS/USD,3.51,3.762,3.485,3.714,1335452.5,364522.1
1583020800,2020-03-01 00:00:00,EOS/USD,3.509,3.65,3.411,3.51,1240131.03,352051.4
1582934400,2020-02-29 00:00:00,EOS/USD,3.512,3.662,3.5,3.509,1091442.26,305941.3
1582848000,2020-02-28 00:00:00,EOS/USD,3.612,3.68,3.343,3.512,1722481.84,492590.5
1582761600,2020-02-27 00:00:00,EOS/USD,3.534,3.735,3.376,3.612,3154544.12,880612.2
1582675200,2020-02-26 00:00:00,EOS/USD,4.071,4.105,3.313,3.534,6766889.33,1844616.1
1582588800,2020-02-25 00:00:00,EOS/USD,4.12,4.24,3.878,4.071,2936054.77,721231.0
1582502400,2020-02-24 00:00:00,EOS/USD,4.392,4.418,3.911,4.12,4043110.19,979085.7
1582416000,2020-02-23 00:00:00,EOS/USD,4.116,4.416,4.09,4.392,2296263.0,536006.4
1582329600,2020-02-22 00:00:00,EOS/USD,4.063,4.16,3.977,4.116,1089175.13,267674.1
1582243200,2020-02-21 00:00:00,EOS/USD,4.006,4.198,3.95,4.063,2360420.55,576673.5
1582156800,2020-02-20 00:00:00,EOS/USD,3.979,4.061,3.803,4.006,4202380.58,1055974.9
1582070400,2020-02-19 00:00:00,EOS/USD,4.594,4.615,3.653,3.979,8057455.69,1983890.4
1581984000,2020-02-18 00:00:00,EOS/USD,4.344,4.66,4.259,4.594,3707364.76,823578.1
1581897600,2020-02-17 00:00:00,EOS/USD,4.39,4.419,4.038,4.344,4001788.68,941110.8
1581811200,2020-02-16 00:00:00,EOS/USD,4.75,4.863,4.008,4.39,5254617.28,1187697.7
1581724800,2020-02-15 00:00:00,EOS/USD,5.385,5.41,4.498,4.75,7036027.16,1455657.0
1581638400,2020-02-14 00:00:00,EOS/USD,5.372,5.444,5.235,5.385,2033951.67,380807.2
1581552000,2020-02-13 00:00:00,EOS/USD,5.34,5.506,5.178,5.372,3330923.62,624392.5
1581465600,2020-02-12 00:00:00,EOS/USD,5.272,5.486,5.254,5.34,3619810.08,674914.6
1581379200,2020-02-11 00:00:00,EOS/USD,4.894,5.325,4.788,5.272,3331354.75,654437.5
1581292800,2020-02-10 00:00:00,EOS/USD,5.014,5.05,4.73,4.894,3218220.05,663086.2
1581206400,2020-02-09 00:00:00,EOS/USD,4.768,5.047,4.767,5.014,3089159.67,624816.3
1581120000,2020-02-08 00:00:00,EOS/USD,4.588,4.849,4.424,4.768,1967880.45,418905.9
1581033600,2020-02-07 00:00:00,EOS/USD,4.592,4.699,4.512,4.588,1677773.25,364641.4
1580947200,2020-02-06 00:00:00,EOS/USD,4.521,4.665,4.419,4.592,2358126.53,518852.2
1580860800,2020-02-05 00:00:00,EOS/USD,4.215,4.587,4.164,4.521,2680062.69,606509.5
1580774400,2020-02-04 00:00:00,EOS/USD,4.195,4.255,4.058,4.215,1483344.14,356895.7
1580688000,2020-02-03 00:00:00,EOS/USD,4.206,4.379,4.128,4.195,2120656.04,502312.8
1580601600,2020-02-02 00:00:00,EOS/USD,4.148,4.329,4.035,4.206,1756682.59,417345.7
1580515200,2020-02-01 00:00:00,EOS/USD,4.139,4.264,4.062,4.148,1148570.44,275735.6
1580428800,2020-01-31 00:00:00,EOS/USD,4.321,4.368,4.012,4.139,3069383.06,736010.6
1580342400,2020-01-30 00:00:00,EOS/USD,3.956,4.4,3.879,4.321,3226598.55,772108.9
1580256000,2020-01-29 00:00:00,EOS/USD,4.05,4.119,3.949,3.956,1797219.66,445782.9
1580169600,2020-01-28 00:00:00,EOS/USD,3.954,4.145,3.861,4.05,2706763.28,674560.6
1580083200,2020-01-27 00:00:00,EOS/USD,3.639,4.049,3.637,3.954,2855457.16,733297.9
1579996800,2020-01-26 00:00:00,EOS/USD,3.487,3.661,3.423,3.639,662360.55,185342.0
1579910400,2020-01-25 00:00:00,EOS/USD,3.629,3.633,3.482,3.487,777853.24,219458.9
1579824000,2020-01-24 00:00:00,EOS/USD,3.568,3.699,3.35,3.629,1094068.32,308640.4
1579737600,2020-01-23 00:00:00,EOS/USD,3.64,3.645,3.485,3.568,792157.07,223471.2
1579651200,2020-01-22 00:00:00,EOS/USD,3.649,3.742,3.584,3.64,1804788.0,494743.5
1579564800,2020-01-21 00:00:00,EOS/USD,3.613,3.684,3.546,3.649,670673.0,185186.2
1579478400,2020-01-20 00:00:00,EOS/USD,3.61,3.698,3.482,3.613,915527.3,254338.7
1579392000,2020-01-19 00:00:00,EOS/USD,3.798,3.935,3.412,3.61,2486339.39,682077.3
1579305600,2020-01-18 00:00:00,EOS/USD,3.899,4.0,3.7,3.798,2239599.85,582122.4
1579219200,2020-01-17 00:00:00,EOS/USD,3.828,4.067,3.737,3.899,3730677.2,953347.4
1579132800,2020-01-16 00:00:00,EOS/USD,3.768,3.955,3.528,3.828,3393724.7,909657.7
1579046400,2020-01-15 00:00:00,EOS/USD,3.813,3.948,3.574,3.768,2853147.83,759857.5
1578960000,2020-01-14 00:00:00,EOS/USD,3.104,4.072,3.104,3.813,5435171.17,1499719.9
1578873600,2020-01-13 00:00:00,EOS/USD,3.209,3.211,3.067,3.104,963028.35,309337.1
1578787200,2020-01-12 00:00:00,EOS/USD,2.988,3.213,2.927,3.209,1020827.31,326054.1
1578700800,2020-01-11 00:00:00,EOS/USD,2.979,3.137,2.935,2.988,1163523.28,385053.6
1578614400,2020-01-10 00:00:00,EOS/USD,2.744,3.0,2.649,2.979,1092145.45,381737.6
1578528000,2020-01-09 00:00:00,EOS/USD,2.77,2.793,2.69,2.744,697178.5,255687.6
1578441600,2020-01-08 00:00:00,EOS/USD,2.851,2.975,2.71,2.77,1381334.87,488280.7
1578355200,2020-01-07 00:00:00,EOS/USD,2.851,2.89,2.755,2.851,1111720.45,391275.0
1578268800,2020-01-06 00:00:00,EOS/USD,2.686,2.859,2.679,2.851,994061.82,357141.7
1578182400,2020-01-05 00:00:00,EOS/USD,2.647,2.771,2.647,2.686,578478.37,213400.0
1578096000,2020-01-04 00:00:00,EOS/USD,2.632,2.8,2.62,2.647,565595.83,213984.1
1578009600,2020-01-03 00:00:00,EOS/USD,2.452,2.66,2.425,2.632,670681.44,263084.7
1577923200,2020-01-02 00:00:00,EOS/USD,2.59,2.6,2.412,2.452,718611.64,286403.4
1577836800,2020-01-01 00:00:00,EOS/USD,2.571,2.629,2.562,2.59,341967.89,131518.7
1577750400,2019-12-31 00:00:00,EOS/USD,2.615,2.644,2.554,2.571,350694.39,134938.6
1577664000,2019-12-30 00:00:00,EOS/USD,2.683,2.711,2.593,2.615,277170.6,104994.9
1577577600,2019-12-29 00:00:00,EOS/USD,2.626,2.712,2.612,2.683,288272.54,107975.0
1577491200,2019-12-28 00:00:00,EOS/USD,2.567,2.66,2.567,2.626,366728.92,139411.6
1577404800,2019-12-27 00:00:00,EOS/USD,2.513,2.58,2.5,2.567,351245.1,137980.4
1577318400,2019-12-26 00:00:00,EOS/USD,2.48,2.633,2.458,2.513,648312.28,255371.3
1577232000,2019-12-25 00:00:00,EOS/USD,2.537,2.547,2.446,2.48,317895.16,127710.3
1577145600,2019-12-24 00:00:00,EOS/USD,2.516,2.567,2.478,2.537,671003.31,265521.0
1577059200,2019-12-23 00:00:00,EOS/USD,2.537,2.605,2.494,2.516,668581.06,262431.7
1576972800,2019-12-22 00:00:00,EOS/USD,2.445,2.549,2.439,2.537,289508.01,115549.6
1576886400,2019-12-21 00:00:00,EOS/USD,2.486,2.486,2.432,2.445,391336.87,159742.5
1576800000,2019-12-20 00:00:00,EOS/USD,2.448,2.546,2.42,2.486,444034.98,178859.6
1576713600,2019-12-19 00:00:00,EOS/USD,2.462,2.498,2.401,2.448,689514.02,282476.0
1576627200,2019-12-18 00:00:00,EOS/USD,2.189,2.519,2.152,2.462,1786588.44,759770.0
1576540800,2019-12-17 00:00:00,EOS/USD,2.362,2.365,2.148,2.189,1372801.78,607716.4
1576454400,2019-12-16 00:00:00,EOS/USD,2.56,2.565,2.27,2.362,1743265.16,732563.3
1576368000,2019-12-15 00:00:00,EOS/USD,2.564,2.591,2.537,2.56,254912.85,99585.6
1576281600,2019-12-14 00:00:00,EOS/USD,2.62,2.629,2.544,2.564,381858.79,147745.1
1576195200,2019-12-13 00:00:00,EOS/USD,2.581,2.64,2.569,2.62,404929.43,155231.0
1576108800,2019-12-12 00:00:00,EOS/USD,2.571,2.612,2.506,2.581,713124.51,277798.1
1576022400,2019-12-11 00:00:00,EOS/USD,2.603,2.618,2.54,2.571,611134.23,236926.3
1575936000,2019-12-10 00:00:00,EOS/USD,2.658,2.67,2.572,2.603,652093.89,248696.6
1575849600,2019-12-09 00:00:00,EOS/USD,2.744,2.752,2.615,2.658,639155.98,239101.0
1575763200,2019-12-08 00:00:00,EOS/USD,2.723,2.786,2.695,2.744,217261.0,79448.3
1575676800,2019-12-07 00:00:00,EOS/USD,2.733,2.763,2.709,2.723,210144.34,76859.8
1575590400,2019-12-06 00:00:00,EOS/USD,2.684,2.749,2.665,2.733,679770.34,250992.4
1575504000,2019-12-05 00:00:00,EOS/USD,2.629,2.704,2.622,2.684,405419.6,151975.7
1575417600,2019-12-04 00:00:00,EOS/USD,2.698,2.768,2.568,2.629,1175259.94,443646.6
1575331200,2019-12-03 00:00:00,EOS/USD,2.678,2.74,2.65,2.698,511232.08,189084.5
1575244800,2019-12-02 00:00:00,EOS/USD,2.776,2.792,2.644,2.678,717780.25,265273.3
1575158400,2019-12-01 00:00:00,EOS/USD,2.752,2.855,2.661,2.776,803749.62,292715.6
1575072000,2019-11-30 00:00:00,EOS/USD,2.796,2.824,2.719,2.752,346050.97,125288.4
1574985600,2019-11-29 00:00:00,EOS/USD,2.627,2.829,2.623,2.796,700455.33,253783.0
1574899200,2019-11-28 00:00:00,EOS/USD,2.68,2.699,2.6,2.627,782052.65,294452.6
1574812800,2019-11-27 00:00:00,EOS/USD,2.615,2.748,2.492,2.68,1262215.35,477780.0
1574726400,2019-11-26 00:00:00,EOS/USD,2.524,2.635,2.519,2.615,618262.11,238182.8
1574640000,2019-11-25 00:00:00,EOS/USD,2.414,2.619,2.337,2.524,1669274.17,674768.2
1574553600,2019-11-24 00:00:00,EOS/USD,2.687,2.692,2.361,2.414,1525254.57,602502.1
1574467200,2019-11-23 00:00:00,EOS/USD,2.619,2.709,2.568,2.687,841325.14,318612.1
1574380800,2019-11-22 00:00:00,EOS/USD,2.816,2.841,2.452,2.619,4029036.05,1527174.9
1574294400,2019-11-21 00:00:00,EOS/USD,3.073,3.113,2.718,2.816,2801545.31,970475.0
1574208000,2019-11-20 00:00:00,EOS/USD,3.114,3.15,3.044,3.073,580423.6,187898.3
1574121600,2019-11-19 00:00:00,EOS/USD,3.175,3.192,3.017,3.114,1148781.39,370520.0
1574035200,2019-11-18 00:00:00,EOS/USD,3.393,3.402,3.005,3.175,2206142.51,693728.0
1573948800,2019-11-17 00:00:00,EOS/USD,3.369,3.435,3.325,3.393,494873.19,145854.1
1573862400,2019-11-16 00:00:00,EOS/USD,3.33,3.397,3.306,3.369,747065.17,223714.1
1573776000,2019-11-15 00:00:00,EOS/USD,3.387,3.505,3.276,3.33,1916422.89,571265.8
1573689600,2019-11-14 00:00:00,EOS/USD,3.465,3.475,3.323,3.387,878985.27,259616.9
1573603200,2019-11-13 00:00:00,EOS/USD,3.474,3.483,3.417,3.465,626082.89,181734.1
1573516800,2019-11-12 00:00:00,EOS/USD,3.433,3.513,3.381,3.474,1115212.27,323417.6
1573430400,2019-11-11 00:00:00,EOS/USD,3.584,3.598,3.395,3.433,863635.05,249072.6
1573344000,2019-11-10 00:00:00,EOS/USD,3.491,3.665,3.449,3.584,1116339.86,314129.4
1573257600,2019-11-09 00:00:00,EOS/USD,3.403,3.5,3.398,3.491,808985.91,234147.8
1573171200,2019-11-08 00:00:00,EOS/USD,3.463,3.55,3.32,3.403,1248443.87,363555.9
1573084800,2019-11-07 00:00:00,EOS/USD,3.601,3.633,3.419,3.463,1495121.57,427493.5
1572998400,2019-11-06 00:00:00,EOS/USD,3.625,3.676,3.553,3.601,1347996.74,374593.8
1572912000,2019-11-05 00:00:00,EOS/USD,3.443,3.698,3.4,3.625,2371904.47,664795.2
1572825600,2019-11-04 00:00:00,EOS/USD,3.271,3.507,3.24,3.443,1569215.1,459815.5
1572739200,2019-11-03 00:00:00,EOS/USD,3.327,3.345,3.197,3.271,525440.89,160328.4
1572652800,2019-11-02 00:00:00,EOS/USD,3.352,3.389,3.301,3.327,588464.3,175894.1
1572566400,2019-11-01 00:00:00,EOS/USD,3.259,3.396,3.207,3.352,791382.94,239891.5
1572480000,2019-10-31 00:00:00,EOS/USD,3.273,3.33,3.175,3.259,1024743.83,314336.6
1572393600,2019-10-30 00:00:00,EOS/USD,3.409,3.426,3.188,3.273,1530621.48,463985.5
1572307200,2019-10-29 00:00:00,EOS/USD,3.292,3.456,3.28,3.409,1361033.77,402332.8
1572220800,2019-10-28 00:00:00,EOS/USD,3.337,3.555,3.255,3.292,2126610.63,627944.0
1572134400,2019-10-27 00:00:00,EOS/USD,3.146,3.495,3.076,3.337,2213631.44,669133.7
1572048000,2019-10-26 00:00:00,EOS/USD,3.181,3.6,3.001,3.146,3545538.54,1086922.0
1571961600,2019-10-25 00:00:00,EOS/USD,2.727,3.33,2.722,3.181,2672479.73,875210.9
1571875200,2019-10-24 00:00:00,EOS/USD,2.714,2.784,2.654,2.727,659152.59,241386.8
1571788800,2019-10-23 00:00:00,EOS/USD,2.893,2.911,2.535,2.714,2620120.03,966835.2
1571702400,2019-10-22 00:00:00,EOS/USD,2.93,3.026,2.85,2.893,1230878.53,418873.6
1571616000,2019-10-21 00:00:00,EOS/USD,2.926,2.973,2.87,2.93,699943.8,239514.9
1571529600,2019-10-20 00:00:00,EOS/USD,2.868,2.943,2.817,2.926,502951.41,173217.0
1571443200,2019-10-19 00:00:00,EOS/USD,2.883,2.929,2.832,2.868,323001.15,112474.9
1571356800,2019-10-18 00:00:00,EOS/USD,2.95,2.955,2.71,2.883,1183327.77,415978.1
1571270400,2019-10-17 00:00:00,EOS/USD,2.922,2.962,2.881,2.95,558756.74,190925.0
1571184000,2019-10-16 00:00:00,EOS/USD,2.962,3.009,2.848,2.922,1443704.24,495089.0
1571097600,2019-10-15 00:00:00,EOS/USD,3.163,3.174,2.813,2.962,1370954.18,459567.9
1571011200,2019-10-14 00:00:00,EOS/USD,3.099,3.202,3.097,3.163,795738.46,253079.8
1570924800,2019-10-13 00:00:00,EOS/USD,3.07,3.14,3.037,3.099,524377.66,169134.8
1570838400,2019-10-12 00:00:00,EOS/USD,3.063,3.144,3.043,3.07,315843.54,102379.2
1570752000,2019-10-11 00:00:00,EOS/USD,3.115,3.203,3.03,3.063,786785.82,254017.3
1570665600,2019-10-10 00:00:00,EOS/USD,3.255,3.255,3.029,3.115,667804.55,213259.0
1570579200,2019-10-09 00:00:00,EOS/USD,3.162,3.315,3.114,3.255,1461492.93,454025.8
1570492800,2019-10-08 00:00:00,EOS/USD,3.184,3.25,3.11,3.162,704968.73,222104.0
1570406400,2019-10-07 00:00:00,EOS/USD,2.916,3.259,2.897,3.184,1500166.2,481573.6
1570320000,2019-10-06 00:00:00,EOS/USD,2.993,3.001,2.844,2.916,651894.86,222098.1
1570233600,2019-10-05 00:00:00,EOS/USD,3.009,3.04,2.927,2.993,672406.07,226521.6
1570147200,2019-10-04 00:00:00,EOS/USD,2.928,3.085,2.871,3.009,785860.57,262482.8
1570060800,2019-10-03 00:00:00,EOS/USD,3.006,3.017,2.81,2.928,1017452.53,348640.0
1569974400,2019-10-02 00:00:00,EOS/USD,2.945,3.04,2.891,3.006,781958.92,262998.3
1569888000,2019-10-01 00:00:00,EOS/USD,2.966,3.123,2.865,2.945,2025072.39,672424.4
1569801600,2019-09-30 00:00:00,EOS/USD,2.778,3.038,2.719,2.966,2083697.43,718973.1
1569715200,2019-09-29 00:00:00,EOS/USD,2.833,2.846,2.686,2.778,883198.96,321949.6
1569628800,2019-09-28 00:00:00,EOS/USD,2.833,2.876,2.775,2.833,471848.13,166441.4
1569542400,2019-09-27 00:00:00,EOS/USD,2.78,2.89,2.686,2.833,2091281.09,750337.7
1569456000,2019-09-26 00:00:00,EOS/USD,2.865,2.869,2.588,2.78,2387446.67,871840.0
1569369600,2019-09-25 00:00:00,EOS/USD,2.774,2.959,2.686,2.865,2422502.42,850479.5
1569283200,2019-09-24 00:00:00,EOS/USD,3.683,3.716,2.688,2.774,8053438.45,2636972.7
1569196800,2019-09-23 00:00:00,EOS/USD,3.812,3.856,3.655,3.683,1109672.76,295476.9
1569110400,2019-09-22 00:00:00,EOS/USD,3.997,4.0,3.735,3.812,1244838.21,323630.8
1569024000,2019-09-21 00:00:00,EOS/USD,4.013,4.075,3.953,3.997,1348700.32,336214.3
1568937600,2019-09-20 00:00:00,EOS/USD,3.964,4.039,3.83,4.013,1048804.55,267660.7
1568851200,2019-09-19 00:00:00,EOS/USD,4.081,4.091,3.805,3.964,2385913.85,609227.7
1568764800,2019-09-18 00:00:00,EOS/USD,4.067,4.171,4.05,4.081,2013266.38,489902.9
1568678400,2019-09-17 00:00:00,EOS/USD,4.093,4.23,4.026,4.067,1570668.46,380800.9
1568592000,2019-09-16 00:00:00,EOS/USD,4.073,4.167,3.945,4.093,1197709.05,295271.4
1568505600,2019-09-15 00:00:00,EOS/USD,4.03,4.15,4.009,4.073,1362404.4,335264.6
1568419200,2019-09-14 00:00:00,EOS/USD,3.731,4.143,3.694,4.03,1979158.63,496159.8
1568332800,2019-09-13 00:00:00,EOS/USD,3.742,3.755,3.679,3.731,406312.43,109251.9
1568246400,2019-09-12 00:00:00,EOS/USD,3.75,3.789,3.67,3.742,631717.21,169010.2
1568160000,2019-09-11 00:00:00,EOS/USD,3.769,3.802,3.645,3.75,936077.6,251974.9
1568073600,2019-09-10 00:00:00,EOS/USD,3.881,3.923,3.645,3.769,1243693.3,328004.0
1567987200,2019-09-09 00:00:00,EOS/USD,3.79,3.946,3.607,3.881,2059656.16,536585.6
1567900800,2019-09-08 00:00:00,EOS/USD,3.564,3.81,3.511,3.79,1405682.61,383068.3
1567814400,2019-09-07 00:00:00,EOS/USD,3.214,3.68,3.195,3.564,1624423.06,468116.7
1567728000,2019-09-06 00:00:00,EOS/USD,3.269,3.375,3.109,3.214,1057902.27,326093.1
1567641600,2019-09-05 00:00:00,EOS/USD,3.31,3.341,3.201,3.269,818585.61,251383.9
1567555200,2019-09-04 00:00:00,EOS/USD,3.359,3.364,3.24,3.31,606670.67,182879.8
1567468800,2019-09-03 00:00:00,EOS/USD,3.334,3.467,3.301,3.359,1196135.54,354050.1
1567382400,2019-09-02 00:00:00,EOS/USD,3.268,3.399,3.222,3.334,673799.23,203948.6
1567296000,2019-09-01 00:00:00,EOS/USD,3.328,3.345,3.103,3.268,692519.84,213329.7
1567209600,2019-08-31 00:00:00,EOS/USD,3.208,3.413,3.188,3.328,648572.48,199042.6
1567123200,2019-08-30 00:00:00,EOS/USD,3.191,3.283,3.16,3.208,730326.9,226979.4
1567036800,2019-08-29 00:00:00,EOS/USD,3.251,3.261,3.044,3.191,1225999.0,384492.1
1566950400,2019-08-28 00:00:00,EOS/USD,3.55,3.554,3.09,3.251,2298120.33,704895.3
1566864000,2019-08-27 00:00:00,EOS/USD,3.577,3.587,3.489,3.55,427218.38,120618.1
1566777600,2019-08-26 00:00:00,EOS/USD,3.553,3.7,3.535,3.577,717589.79,198295.6
1566691200,2019-08-25 00:00:00,EOS/USD,3.659,3.697,3.46,3.553,658990.46,184997.5
1566604800,2019-08-24 00:00:00,EOS/USD,3.678,3.694,3.547,3.659,564251.53,155746.3
1566518400,2019-08-23 00:00:00,EOS/USD,3.636,3.77,3.603,3.678,949907.38,257659.0
1566432000,2019-08-22 00:00:00,EOS/USD,3.505,3.707,3.449,3.636,1236150.75,343256.5
1566345600,2019-08-21 00:00:00,EOS/USD,3.673,3.684,3.357,3.505,1795160.31,512798.8
1566259200,2019-08-20 00:00:00,EOS/USD,3.725,3.726,3.598,3.673,751618.47,205666.4
1566172800,2019-08-19 00:00:00,EOS/USD,3.695,3.787,3.649,3.725,1119865.87,302205.7
1566086400,2019-08-18 00:00:00,EOS/USD,3.559,3.77,3.512,3.695,2475637.1,670512.4
1566000000,2019-08-17 00:00:00,EOS/USD,3.589,3.613,3.481,3.559,1128936.96,317696.4
1565913600,2019-08-16 00:00:00,EOS/USD,3.626,3.659,3.481,3.589,1470868.59,412933.7
1565827200,2019-08-15 00:00:00,EOS/USD,3.66,3.707,3.3,3.626,3253652.7,910662.3
1565740800,2019-08-14 00:00:00,EOS/USD,4.066,4.114,3.507,3.66,3148994.29,835705.8
1565654400,2019-08-13 00:00:00,EOS/USD,4.123,4.137,3.946,4.066,1369015.66,339479.0
1565568000,2019-08-12 00:00:00,EOS/USD,4.195,4.199,4.076,4.123,960217.96,233063.2
1565481600,2019-08-11 00:00:00,EOS/USD,4.047,4.264,4.041,4.195,2022098.01,487659.7
1565395200,2019-08-10 00:00:00,EOS/USD,3.899,4.132,3.843,4.047,1601859.04,399138.1
1565308800,2019-08-09 00:00:00,EOS/USD,4.158,4.171,3.772,3.899,1990949.26,506284.1
1565222400,2019-08-08 00:00:00,EOS/USD,4.219,4.233,4.07,4.158,924629.79,223020.1
1565136000,2019-08-07 00:00:00,EOS/USD,4.184,4.282,4.123,4.219,1297948.47,308338.6
1565049600,2019-08-06 00:00:00,EOS/USD,4.451,4.499,4.045,4.184,1574933.76,369880.8
1564963200,2019-08-05 00:00:00,EOS/USD,4.235,4.576,4.231,4.451,2031710.22,459957.6
1564876800,2019-08-04 00:00:00,EOS/USD,4.288,4.312,4.179,4.235,958305.99,226101.1
1564790400,2019-08-03 00:00:00,EOS/USD,4.184,4.363,4.17,4.288,897924.43,209513.6
1564704000,2019-08-02 00:00:00,EOS/USD,4.308,4.349,4.045,4.184,1111146.95,264480.3
1564617600,2019-08-01 00:00:00,EOS/USD,4.424,4.443,4.217,4.308,1209313.93,280940.0
1564531200,2019-07-31 00:00:00,EOS/USD,4.203,4.445,4.194,4.424,1006163.67,233599.6
1564444800,2019-07-30 00:00:00,EOS/USD,4.204,4.49,4.133,4.203,925555.91,219331.4
1564358400,2019-07-29 00:00:00,EOS/USD,4.264,4.397,4.1,4.204,771502.68,182358.5
1564272000,2019-07-28 00:00:00,EOS/USD,4.267,4.338,3.793,4.264,1789842.93,431438.8
1564185600,2019-07-27 00:00:00,EOS/USD,4.626,4.77,4.166,4.267,1925804.15,437580.2
1564099200,2019-07-26 00:00:00,EOS/USD,4.567,4.713,4.417,4.626,1437447.5,315117.7
1564012800,2019-07-25 00:00:00,EOS/USD,4.577,4.714,4.44,4.567,2571157.42,561113.7
1563926400,2019-07-24 00:00:00,EOS/USD,4.141,4.647,4.004,4.577,2686220.59,615697.3
1563840000,2019-07-23 00:00:00,EOS/USD,4.116,4.298,3.96,4.141,1728805.21,417424.2
1563753600,2019-07-22 00:00:00,EOS/USD,4.328,4.417,3.953,4.116,1261932.31,303759.8
1563667200,2019-07-21 00:00:00,EOS/USD,4.313,4.362,4.16,4.328,1020971.22,238571.5
1563580800,2019-07-20 00:00:00,EOS/USD,4.056,4.524,4.004,4.313,2102201.89,486431.3
1563494400,2019-07-19 00:00:00,EOS/USD,4.116,4.159,3.799,4.056,1038412.7,259529.5
1563408000,2019-07-18 00:00:00,EOS/USD,3.844,4.249,3.757,4.116,1929920.31,478888.6
1563321600,2019-07-17 00:00:00,EOS/USD,3.664,4.12,3.524,3.844,2261827.08,593172.1
1563235200,2019-07-16 00:00:00,EOS/USD,4.29,4.363,3.3,3.664,3374290.68,895164.2
1563148800,2019-07-15 00:00:00,EOS/USD,4.104,4.43,3.98,4.29,2225576.93,525873.5
1563062400,2019-07-14 00:00:00,EOS/USD,4.764,4.777,4.053,4.104,2255796.16,521686.4
1562976000,2019-07-13 00:00:00,EOS/USD,4.805,4.821,4.55,4.764,1381506.15,293089.0
1562889600,2019-07-12 00:00:00,EOS/USD,4.692,4.876,4.6,4.805,1779490.06,372042.7
1562803200,2019-07-11 00:00:00,EOS/USD,5.272,5.272,4.378,4.692,4800363.02,1025928.8
1562716800,2019-07-10 00:00:00,EOS/USD,5.897,5.936,5.026,5.272,3097632.9,575323.5
1562630400,2019-07-09 00:00:00,EOS/USD,5.966,6.038,5.85,5.897,1000994.53,168559.5
1562544000,2019-07-08 00:00:00,EOS/USD,5.962,6.035,5.85,5.966,967731.3,162981.2
1562457600,2019-07-07 00:00:00,EOS/USD,5.765,6.077,5.75,5.962,813741.05,137947.0
1562371200,2019-07-06 00:00:00,EOS/USD,5.764,6.0,5.728,5.765,989872.84,169726.4
1562284800,2019-07-05 00:00:00,EOS/USD,5.719,5.89,5.666,5.764,836443.03,145416.2
1562198400,2019-07-04 00:00:00,EOS/USD,6.067,6.087,5.624,5.719,1171411.34,198425.0
1562112000,2019-07-03 00:00:00,EOS/USD,5.884,6.119,5.832,6.067,1883448.18,316139.9
1562025600,2019-07-02 00:00:00,EOS/USD,6.025,6.127,5.55,5.884,2723713.87,467531.7
1561939200,2019-07-01 00:00:00,EOS/USD,5.724,6.052,5.502,6.025,3020921.14,522969.6
1561852800,2019-06-30 00:00:00,EOS/USD,6.317,6.398,5.615,5.724,2199939.41,367009.6
1561766400,2019-06-29 00:00:00,EOS/USD,6.21,6.417,5.928,6.317,3219355.76,523647.8
1561680000,2019-06-28 00:00:00,EOS/USD,5.871,6.292,5.65,6.21,3131942.84,523552.1
1561593600,2019-06-27 00:00:00,EOS/USD,6.75,6.8,5.51,5.871,5253988.64,864431.6
1561507200,2019-06-26 00:00:00,EOS/USD,7.149,7.469,6.03,6.75,6408099.48,928420.9
1561420800,2019-06-25 00:00:00,EOS/USD,7.229,7.3,6.924,7.149,1776288.54,250355.2
1561334400,2019-06-24 00:00:00,EOS/USD,7.23,7.245,6.994,7.229,1566072.98,219841.3
1561248000,2019-06-23 00:00:00,EOS/USD,7.465,7.584,7.15,7.23,2335393.05,317635.6
1561161600,2019-06-22 00:00:00,EOS/USD,7.061,7.6,7.011,7.465,4256660.13,581037.7
1561075200,2019-06-21 00:00:00,EOS/USD,6.848,7.148,6.83,7.061,2834439.05,404911.0
1560988800,2019-06-20 00:00:00,EOS/USD,6.879,6.901,6.7,6.848,1255027.92,184546.7
1560902400,2019-06-19 00:00:00,EOS/USD,6.801,6.967,6.755,6.879,1454815.55,212516.7
1560816000,2019-06-18 00:00:00,EOS/USD,7.141,7.163,6.614,6.801,2313165.28,336199.4
1560729600,2019-06-17 00:00:00,EOS/USD,6.972,7.263,6.971,7.141,2888639.38,406235.0
1560643200,2019-06-16 00:00:00,EOS/USD,6.925,7.21,6.801,6.972,3059631.89,435457.0
1560556800,2019-06-15 00:00:00,EOS/USD,6.572,6.965,6.51,6.925,2329176.13,343583.6
1560470400,2019-06-14 00:00:00,EOS/USD,6.472,6.582,6.358,6.572,1648595.79,255622.5
1560384000,2019-06-13 00:00:00,EOS/USD,6.454,6.644,6.39,6.472,2017813.94,308937.6
1560297600,2019-06-12 00:00:00,EOS/USD,6.333,6.494,6.24,6.454,2379806.41,373235.6
1560211200,2019-06-11 00:00:00,EOS/USD,6.465,6.517,6.159,6.333,1708303.91,270043.3
1560124800,2019-06-10 00:00:00,EOS/USD,6.148,6.51,6.042,6.465,2307197.59,364868.0
1560038400,2019-06-09 00:00:00,EOS/USD,6.362,6.495,6.001,6.148,3008389.15,487120.0
1559952000,2019-06-08 00:00:00,EOS/USD,6.656,6.699,6.208,6.362,2262532.21,353281.2
1559865600,2019-06-07 00:00:00,EOS/USD,6.378,6.81,6.303,6.656,3944705.24,601499.4
1559779200,2019-06-06 00:00:00,EOS/USD,6.424,6.493,5.92,6.378,3478163.41,560732.8
1559692800,2019-06-05 00:00:00,EOS/USD,6.289,6.695,6.15,6.424,3428143.48,539042.6
1559606400,2019-06-04 00:00:00,EOS/USD,6.681,6.867,5.989,6.289,7249119.84,1120549.3
1559520000,2019-06-03 00:00:00,EOS/USD,7.749,7.749,6.5,6.681,6835794.54,954154.1
1559433600,2019-06-02 00:00:00,EOS/USD,7.724,7.988,7.48,7.749,8002396.11,1033653.2
1559347200,2019-06-01 00:00:00,EOS/USD,8.598,8.72,7.362,7.724,10255742.92,1249735.8
1559260800,2019-05-31 00:00:00,EOS/USD,7.317,8.98,7.19,8.598,12001818.86,1494257.5
1559174400,2019-05-30 00:00:00,EOS/USD,7.977,8.5,6.808,7.317,8181237.54,1058309.4
1559088000,2019-05-29 00:00:00,EOS/USD,8.1,8.229,7.41,7.977,2880052.13,360411.8
1559001600,2019-05-28 00:00:00,EOS/USD,7.976,8.21,7.56,8.1,2959083.97,371002.9
1558915200,2019-05-27 00:00:00,EOS/USD,6.966,8.263,6.885,7.976,4448121.21,591006.6
1558828800,2019-05-26 00:00:00,EOS/USD,6.399,7.039,6.231,6.966,1203832.5,180470.6
1558742400,2019-05-25 00:00:00,EOS/USD,6.41,6.549,6.319,6.399,383135.99,59582.7
1558656000,2019-05-24 00:00:00,EOS/USD,6.056,6.6,5.999,6.41,783649.18,122885.6
1558569600,2019-05-23 00:00:00,EOS/USD,5.949,6.131,5.743,6.056,423730.17,71477.1
1558483200,2019-05-22 00:00:00,EOS/USD,6.312,6.374,5.702,5.949,790187.65,130009.5
1558396800,2019-05-21 00:00:00,EOS/USD,6.262,6.395,6.122,6.312,326647.32,52072.5
1558310400,2019-05-20 00:00:00,EOS/USD,6.504,6.504,6.013,6.262,626753.56,100165.1
1558224000,2019-05-19 00:00:00,EOS/USD,5.91,6.597,5.886,6.504,718913.86,113869.2
1558137600,2019-05-18 00:00:00,EOS/USD,6.045,6.146,5.83,5.91,473739.9,79566.9
1558051200,2019-05-17 00:00:00,EOS/USD,6.506,6.58,5.605,6.045,1595991.01,267789.4
1557964800,2019-05-16 00:00:00,EOS/USD,6.512,6.944,6.248,6.506,2317303.15,350880.7
1557878400,2019-05-15 00:00:00,EOS/USD,6.05,6.635,5.98,6.512,2135014.66,341782.0
1557792000,2019-05-14 00:00:00,EOS/USD,5.544,6.335,5.53,6.05,1683138.96,284718.5
1557705600,2019-05-13 00:00:00,EOS/USD,5.328,5.826,5.303,5.544,1524620.56,272384.5
1557619200,2019-05-12 00:00:00,EOS/USD,5.538,5.778,5.205,5.328,1095282.0,201376.3
1557532800,2019-05-11 00:00:00,EOS/USD,4.794,5.854,4.794,5.538,1664282.71,310744.3
1557446400,2019-05-10 00:00:00,EOS/USD,4.822,4.946,4.511,4.794,980451.05,206049.5
1557360000,2019-05-09 00:00:00,EOS/USD,4.859,4.974,4.75,4.822,476102.82,98417.6
1557273600,2019-05-08 00:00:00,EOS/USD,4.76,4.895,4.7,4.859,326698.91,68431.7
1557187200,2019-05-07 00:00:00,EOS/USD,4.837,5.01,4.752,4.76,504614.63,103462.4
1557100800,2019-05-06 00:00:00,EOS/USD,4.83,4.958,4.606,4.837,444700.92,92905.9
1557014400,2019-05-05 00:00:00,EOS/USD,4.888,4.948,4.773,4.83,151872.06,31407.3
1556928000,2019-05-04 00:00:00,EOS/USD,4.991,5.106,4.726,4.888,642798.12,131512.3
1556841600,2019-05-03 00:00:00,EOS/USD,4.693,5.098,4.662,4.991,725291.57,146747.5
1556755200,2019-05-02 00:00:00,EOS/USD,4.702,4.737,4.57,4.693,274617.29,58852.4
1556668800,2019-05-01 00:00:00,EOS/USD,4.771,4.819,4.617,4.702,329721.49,69927.3
1556582400,2019-04-30 00:00:00,EOS/USD,4.435,4.79,4.435,4.771,486176.56,105607.4
1556496000,2019-04-29 00:00:00,EOS/USD,4.596,4.629,4.375,4.435,240553.01,53625.0
1556409600,2019-04-28 00:00:00,EOS/USD,4.617,4.67,4.519,4.596,166624.82,36156.8
1556323200,2019-04-27 00:00:00,EOS/USD,4.649,4.726,4.596,4.617,218571.34,47035.5
1556236800,2019-04-26 00:00:00,EOS/USD,4.524,4.788,4.44,4.649,901446.17,196691.7
1556150400,2019-04-25 00:00:00,EOS/USD,4.822,4.88,4.486,4.524,639366.83,137793.6
1556064000,2019-04-24 00:00:00,EOS/USD,5.162,5.199,4.603,4.822,722429.79,149435.9
1555977600,2019-04-23 00:00:00,EOS/USD,5.25,5.381,5.114,5.162,432826.72,82355.3
1555891200,2019-04-22 00:00:00,EOS/USD,5.243,5.321,5.136,5.25,231275.44,44024.7
1555804800,2019-04-21 00:00:00,EOS/USD,5.457,5.469,5.0,5.243,377421.32,72288.7
1555718400,2019-04-20 00:00:00,EOS/USD,5.488,5.529,5.399,5.457,161459.97,29536.3
1555632000,2019-04-19 00:00:00,EOS/USD,5.486,5.5,5.398,5.488,179472.99,32928.4
1555545600,2019-04-18 00:00:00,EOS/USD,5.453,5.599,5.439,5.486,309907.59,56256.6
1555459200,2019-04-17 00:00:00,EOS/USD,5.537,5.63,5.391,5.453,206452.37,37700.2
1555372800,2019-04-16 00:00:00,EOS/USD,5.334,5.549,5.295,5.537,179133.18,33092.0
1555286400,2019-04-15 00:00:00,EOS/USD,5.574,5.628,5.236,5.334,400997.68,73258.9
1555200000,2019-04-14 00:00:00,EOS/USD,5.327,5.598,5.25,5.574,289758.82,53809.3
1555113600,2019-04-13 00:00:00,EOS/USD,5.392,5.483,5.239,5.327,242698.32,45359.4
1555027200,2019-04-12 00:00:00,EOS/USD,5.31,5.461,5.086,5.392,431763.85,81149.1
1554940800,2019-04-11 00:00:00,EOS/USD,5.869,5.869,5.12,5.31,856154.71,156974.9
1554854400,2019-04-10 00:00:00,EOS/USD,5.913,6.049,5.566,5.869,1427198.62,243499.0
