unix,date,symbol,open,high,low,close,Volume XLM,Volume USD
1599609600,2020-09-09 00:00:00,XLM/USD,0.07738,0.07768,0.07551,0.07683,557426.62,7291498
1599523200,2020-09-08 00:00:00,XLM/USD,0.07862,0.07954,0.07504,0.07738,3369760.07,43615312
1599436800,2020-09-07 00:00:00,XLM/USD,0.07739,0.07914,0.07392,0.07862,3256690.7,42369008
1599350400,2020-09-06 00:00:00,XLM/USD,0.07557,0.07896,0.07259,0.07739,4430932.37,58192356
1599264000,2020-09-05 00:00:00,XLM/USD,0.08076,0.08299,0.07264,0.07557,5778349.35,74939464
1599177600,2020-09-04 00:00:00,XLM/USD,0.0853,0.0853,0.0754,0.08076,6910974.79,87183389
1599091200,2020-09-03 00:00:00,XLM/USD,0.0924,0.09301,0.08248,0.0853,6726134.81,77402914
1599004800,2020-09-02 00:00:00,XLM/USD,0.09883,0.0998,0.09,0.0924,6785209.59,72616014
1598918400,2020-09-01 00:00:00,XLM/USD,0.09674,0.1013,0.09559,0.09883,4921926.88,49744951
1598832000,2020-08-31 00:00:00,XLM/USD,0.0982,0.09888,0.0951,0.09674,3554154.41,36611911
1598745600,2020-08-30 00:00:00,XLM/USD,0.09626,0.09839,0.09616,0.0982,2862396.49,29373496
1598659200,2020-08-29 00:00:00,XLM/USD,0.0957,0.09759,0.09445,0.09626,2535076.92,26412668
1598572800,2020-08-28 00:00:00,XLM/USD,0.0938,0.09674,0.09254,0.0957,3338172.26,35121946
1598486400,2020-08-27 00:00:00,XLM/USD,0.09805,0.09891,0.09031,0.0938,6031250.57,63825819
1598400000,2020-08-26 00:00:00,XLM/USD,0.09727,0.1004,0.09602,0.09805,3807317.28,38782463
1598313600,2020-08-25 00:00:00,XLM/USD,0.103,0.1032,0.09508,0.09727,5842636.82,59036945
1598227200,2020-08-24 00:00:00,XLM/USD,0.1029,0.1065,0.101,0.103,4912117.17,47254636
1598140800,2020-08-23 00:00:00,XLM/USD,0.1023,0.1032,0.0985,0.1029,4408500.0,43633894
1598054400,2020-08-22 00:00:00,XLM/USD,0.09964,0.1027,0.09696,0.1023,6043595.36,60554636
1597968000,2020-08-21 00:00:00,XLM/USD,0.1074,0.1094,0.099,0.09964,12170372.85,116886194
1597881600,2020-08-20 00:00:00,XLM/USD,0.1021,0.1075,0.1003,0.1074,7614340.54,73173401
1597795200,2020-08-19 00:00:00,XLM/USD,0.1083,0.1097,0.09863,0.1021,11055065.51,106889050
1597708800,2020-08-18 00:00:00,XLM/USD,0.1138,0.1169,0.1053,0.1083,8903504.35,80047404
1597622400,2020-08-17 00:00:00,XLM/USD,0.1152,0.1197,0.11,0.1138,20143596.34,175372071
1597536000,2020-08-16 00:00:00,XLM/USD,0.1071,0.1166,0.1037,0.1152,17591188.35,160332791
1597449600,2020-08-15 00:00:00,XLM/USD,0.1049,0.1094,0.1031,0.1071,9036321.75,85088569
1597363200,2020-08-14 00:00:00,XLM/USD,0.1013,0.1072,0.1002,0.1049,8219242.09,78843050
1597276800,2020-08-13 00:00:00,XLM/USD,0.1014,0.1027,0.09665,0.1013,7263573.28,72600310
1597190400,2020-08-12 00:00:00,XLM/USD,0.1002,0.1025,0.0955,0.1014,5755113.28,57503212
1597104000,2020-08-11 00:00:00,XLM/USD,0.1064,0.1085,0.09621,0.1002,6603694.87,64697870
1597017600,2020-08-10 00:00:00,XLM/USD,0.1052,0.1069,0.1029,0.1064,4887894.78,46343801
1596931200,2020-08-09 00:00:00,XLM/USD,0.1034,0.1073,0.1026,0.1052,5778828.38,55255505
1596844800,2020-08-08 00:00:00,XLM/USD,0.1031,0.1044,0.1014,0.1034,3790828.07,36891537
1596758400,2020-08-07 00:00:00,XLM/USD,0.1063,0.1079,0.09948,0.1031,5107543.88,49082627
1596672000,2020-08-06 00:00:00,XLM/USD,0.1076,0.1082,0.1044,0.1063,4526487.5,42345988
1596585600,2020-08-05 00:00:00,XLM/USD,0.1101,0.1117,0.1064,0.1076,5229420.06,48331569
1596499200,2020-08-04 00:00:00,XLM/USD,0.1052,0.1118,0.1052,0.1101,7063101.69,65168125
1596412800,2020-08-03 00:00:00,XLM/USD,0.1026,0.1093,0.1013,0.1052,7346741.5,69092706
1596326400,2020-08-02 00:00:00,XLM/USD,0.1078,0.1167,0.095,0.1026,16426262.57,153760220
1596240000,2020-08-01 00:00:00,XLM/USD,0.09703,0.109,0.09682,0.1078,14288075.89,137906512
1596153600,2020-07-31 00:00:00,XLM/USD,0.09641,0.09722,0.095,0.09703,3664956.72,38022603
1596067200,2020-07-30 00:00:00,XLM/USD,0.09508,0.09783,0.09438,0.09641,3418811.28,35616665
1595980800,2020-07-29 00:00:00,XLM/USD,0.09726,0.09981,0.09454,0.09508,5686629.28,58499728
1595894400,2020-07-28 00:00:00,XLM/USD,0.09487,0.09861,0.09344,0.09726,5734652.72,59965294
1595808000,2020-07-27 00:00:00,XLM/USD,0.09912,0.1001,0.08826,0.09487,10710417.66,113250729
1595721600,2020-07-26 00:00:00,XLM/USD,0.1008,0.106,0.09733,0.09912,7352968.93,72618714
1595635200,2020-07-25 00:00:00,XLM/USD,0.09586,0.1015,0.09519,0.1008,5319962.37,53801591
1595548800,2020-07-24 00:00:00,XLM/USD,0.09834,0.09835,0.0949,0.09586,3878157.25,40239774
1595462400,2020-07-23 00:00:00,XLM/USD,0.09766,0.1017,0.09688,0.09834,7021128.61,70829571
1595376000,2020-07-22 00:00:00,XLM/USD,0.09655,0.09811,0.09405,0.09766,3873238.5,40230253
1595289600,2020-07-21 00:00:00,XLM/USD,0.09432,0.09841,0.0939,0.09655,5623410.3,58441915
1595203200,2020-07-20 00:00:00,XLM/USD,0.1001,0.1019,0.09323,0.09432,6513694.53,66455940
1595116800,2020-07-19 00:00:00,XLM/USD,0.1009,0.1024,0.09646,0.1001,5487938.65,55069794
1595030400,2020-07-18 00:00:00,XLM/USD,0.1039,0.1044,0.09878,0.1009,7794895.61,76795923
1594944000,2020-07-17 00:00:00,XLM/USD,0.1019,0.1078,0.09842,0.1039,19792389.26,190250232
1594857600,2020-07-16 00:00:00,XLM/USD,0.09431,0.104,0.08857,0.1019,15740045.83,162952121
1594771200,2020-07-15 00:00:00,XLM/USD,0.09223,0.09578,0.08725,0.09431,10351812.81,112490985
1594684800,2020-07-14 00:00:00,XLM/USD,0.09005,0.09281,0.08503,0.09223,6599827.99,73488192
1594598400,2020-07-13 00:00:00,XLM/USD,0.09539,0.09815,0.087,0.09005,9426978.21,101065718
1594512000,2020-07-12 00:00:00,XLM/USD,0.09422,0.09766,0.0896,0.09539,9265285.88,98812938
1594425600,2020-07-11 00:00:00,XLM/USD,0.08896,0.1014,0.08861,0.09422,16192667.37,169440743
1594339200,2020-07-10 00:00:00,XLM/USD,0.09052,0.091,0.08228,0.08896,11123543.57,127870259
1594252800,2020-07-09 00:00:00,XLM/USD,0.08557,0.099,0.08325,0.09052,26942224.07,295962219
1594166400,2020-07-08 00:00:00,XLM/USD,0.0734,0.086,0.07242,0.08557,16552756.45,205385734
1594080000,2020-07-07 00:00:00,XLM/USD,0.07166,0.07431,0.07009,0.0734,4334503.96,60116795
1593993600,2020-07-06 00:00:00,XLM/USD,0.0673,0.07218,0.06648,0.07166,3353471.5,48071009
1593907200,2020-07-05 00:00:00,XLM/USD,0.06796,0.06803,0.06485,0.0673,1492438.89,22438478
1593820800,2020-07-04 00:00:00,XLM/USD,0.06709,0.06853,0.0665,0.06796,1311764.67,19500313
1593734400,2020-07-03 00:00:00,XLM/USD,0.06763,0.06864,0.06645,0.06709,1887060.73,28012919
1593648000,2020-07-02 00:00:00,XLM/USD,0.06838,0.07097,0.06561,0.06763,3256674.32,47243422
1593561600,2020-07-01 00:00:00,XLM/USD,0.06689,0.06935,0.06604,0.06838,1957939.08,28881061
1593475200,2020-06-30 00:00:00,XLM/USD,0.06508,0.06738,0.064,0.06689,1936976.14,29343101
1593388800,2020-06-29 00:00:00,XLM/USD,0.06421,0.06543,0.06292,0.06508,1781290.74,27674936
1593302400,2020-06-28 00:00:00,XLM/USD,0.06278,0.06502,0.06161,0.06421,1806716.59,28587354
1593216000,2020-06-27 00:00:00,XLM/USD,0.06685,0.067,0.059,0.06278,3779339.07,59877697
1593129600,2020-06-26 00:00:00,XLM/USD,0.06746,0.06844,0.06591,0.06685,1730352.21,25787589
1593043200,2020-06-25 00:00:00,XLM/USD,0.06888,0.06895,0.06511,0.06746,2005087.92,29795323
1592956800,2020-06-24 00:00:00,XLM/USD,0.07093,0.07251,0.06784,0.06888,2189816.56,31351294
1592870400,2020-06-23 00:00:00,XLM/USD,0.0719,0.07234,0.07001,0.07093,2280790.74,32029189
1592784000,2020-06-22 00:00:00,XLM/USD,0.06845,0.072,0.06838,0.0719,2010510.66,28483572
1592697600,2020-06-21 00:00:00,XLM/USD,0.06979,0.07018,0.06834,0.06845,967543.71,13951420
1592611200,2020-06-20 00:00:00,XLM/USD,0.06953,0.07025,0.0682,0.06979,1672273.35,24110888
1592524800,2020-06-19 00:00:00,XLM/USD,0.07051,0.07094,0.06843,0.06953,2361950.25,33920794
1592438400,2020-06-18 00:00:00,XLM/USD,0.0718,0.07201,0.069,0.07051,1923406.7,27200002
1592352000,2020-06-17 00:00:00,XLM/USD,0.0714,0.0741,0.06955,0.0718,2831051.87,39487816
1592265600,2020-06-16 00:00:00,XLM/USD,0.07108,0.07207,0.06985,0.0714,2168761.69,30593455
1592179200,2020-06-15 00:00:00,XLM/USD,0.07069,0.07177,0.0654,0.07108,5547032.72,80928260
1592092800,2020-06-14 00:00:00,XLM/USD,0.0741,0.07416,0.07022,0.07069,1838844.5,25507159
1592006400,2020-06-13 00:00:00,XLM/USD,0.07286,0.07437,0.07154,0.0741,1738160.83,23752487
1591920000,2020-06-12 00:00:00,XLM/USD,0.07132,0.0748,0.0708,0.07286,3013566.64,41406404
1591833600,2020-06-11 00:00:00,XLM/USD,0.07891,0.07931,0.069,0.07132,7597084.1,102985135
1591747200,2020-06-10 00:00:00,XLM/USD,0.07818,0.07921,0.07771,0.07891,3603062.59,45897350
1591660800,2020-06-09 00:00:00,XLM/USD,0.08017,0.08046,0.0774,0.07818,3265939.28,41531585
1591574400,2020-06-08 00:00:00,XLM/USD,0.07891,0.08034,0.07801,0.08017,2313903.25,29159775
1591488000,2020-06-07 00:00:00,XLM/USD,0.0796,0.08067,0.07549,0.07891,3306633.14,42258975
1591401600,2020-06-06 00:00:00,XLM/USD,0.07893,0.08112,0.07826,0.0796,3126302.15,39124187
1591315200,2020-06-05 00:00:00,XLM/USD,0.08198,0.08298,0.07885,0.07893,4046075.96,50180048
1591228800,2020-06-04 00:00:00,XLM/USD,0.08274,0.08633,0.0808,0.08198,5937483.8,71391326
1591142400,2020-06-03 00:00:00,XLM/USD,0.07949,0.08319,0.07663,0.08274,4161147.74,51865584
1591056000,2020-06-02 00:00:00,XLM/USD,0.07582,0.0843,0.0725,0.07949,10051878.09,126955775
1590969600,2020-06-01 00:00:00,XLM/USD,0.07058,0.07647,0.06976,0.07582,5444914.98,73311103
1590883200,2020-05-31 00:00:00,XLM/USD,0.07244,0.07631,0.06885,0.07058,6765284.91,92023050
1590796800,2020-05-30 00:00:00,XLM/USD,0.06781,0.073,0.0671,0.07244,2667675.43,38010082
1590710400,2020-05-29 00:00:00,XLM/USD,0.06902,0.06999,0.06701,0.06781,1908173.31,28034389
1590624000,2020-05-28 00:00:00,XLM/USD,0.06599,0.06991,0.06567,0.06902,2221759.82,32888611
1590537600,2020-05-27 00:00:00,XLM/USD,0.06501,0.0675,0.06453,0.06599,2173516.76,32834592
1590451200,2020-05-26 00:00:00,XLM/USD,0.0662,0.06643,0.06358,0.06501,1481394.91,22823761
1590364800,2020-05-25 00:00:00,XLM/USD,0.064,0.06622,0.06318,0.0662,2161772.39,33301874
1590278400,2020-05-24 00:00:00,XLM/USD,0.06719,0.06824,0.064,0.064,1899271.0,28563309
1590192000,2020-05-23 00:00:00,XLM/USD,0.06813,0.06924,0.06666,0.06719,2267665.46,33464628
1590105600,2020-05-22 00:00:00,XLM/USD,0.0665,0.06939,0.06533,0.06813,3629619.31,53630974
1590019200,2020-05-21 00:00:00,XLM/USD,0.07089,0.0717,0.0642,0.0665,4688395.53,69747246
1589932800,2020-05-20 00:00:00,XLM/USD,0.06979,0.072,0.0675,0.07089,3560811.15,50632759
1589846400,2020-05-19 00:00:00,XLM/USD,0.07024,0.07029,0.06834,0.06979,1905305.64,27474127
1589760000,2020-05-18 00:00:00,XLM/USD,0.0688,0.07142,0.06862,0.07024,2316443.84,33067527
1589673600,2020-05-17 00:00:00,XLM/USD,0.06812,0.07178,0.0678,0.0688,2405220.07,34373134
1589587200,2020-05-16 00:00:00,XLM/USD,0.0673,0.06846,0.06655,0.06812,1735402.24,25592101
1589500800,2020-05-15 00:00:00,XLM/USD,0.06928,0.0698,0.06583,0.0673,3133192.3,45796011
1589414400,2020-05-14 00:00:00,XLM/USD,0.07,0.07075,0.068,0.06928,3192751.28,45895804
1589328000,2020-05-13 00:00:00,XLM/USD,0.07026,0.07136,0.06802,0.07,3910456.49,56094325
1589241600,2020-05-12 00:00:00,XLM/USD,0.06244,0.07065,0.06212,0.07026,6266038.92,92671289
1589155200,2020-05-11 00:00:00,XLM/USD,0.06428,0.06516,0.0605,0.06244,4207874.89,66938628
1589068800,2020-05-10 00:00:00,XLM/USD,0.07142,0.07142,0.06,0.06428,7977287.75,124259538
1588982400,2020-05-09 00:00:00,XLM/USD,0.07255,0.0737,0.07134,0.07142,4326579.81,59770087
1588896000,2020-05-08 00:00:00,XLM/USD,0.07229,0.07465,0.07054,0.07255,6028198.18,83027308
1588809600,2020-05-07 00:00:00,XLM/USD,0.06989,0.07358,0.069,0.07229,4334063.35,60054087
1588723200,2020-05-06 00:00:00,XLM/USD,0.07224,0.07333,0.0697,0.06989,3076106.09,42689665
1588636800,2020-05-05 00:00:00,XLM/USD,0.07347,0.07447,0.071,0.07224,2722131.44,37470805
1588550400,2020-05-04 00:00:00,XLM/USD,0.07317,0.07408,0.06761,0.07347,4978122.75,70262177
1588464000,2020-05-03 00:00:00,XLM/USD,0.07568,0.077,0.07164,0.07317,4142423.87,55953747
1588377600,2020-05-02 00:00:00,XLM/USD,0.07295,0.07636,0.07139,0.07568,4527396.52,61274421
1588291200,2020-05-01 00:00:00,XLM/USD,0.06759,0.0735,0.06759,0.07295,4610332.43,64560608
1588204800,2020-04-30 00:00:00,XLM/USD,0.07231,0.07474,0.06576,0.06759,8218151.22,116548065
1588118400,2020-04-29 00:00:00,XLM/USD,0.06872,0.07386,0.06822,0.07231,8578783.92,120686701
1588032000,2020-04-28 00:00:00,XLM/USD,0.0673,0.0716,0.0665,0.06872,8527164.47,123640608
1587945600,2020-04-27 00:00:00,XLM/USD,0.062,0.06947,0.06128,0.0673,5795438.59,89347440
1587859200,2020-04-26 00:00:00,XLM/USD,0.06183,0.06299,0.06085,0.062,2980305.28,48057727
1587772800,2020-04-25 00:00:00,XLM/USD,0.06122,0.06325,0.06067,0.06183,2956852.02,47507576
1587686400,2020-04-24 00:00:00,XLM/USD,0.06215,0.0662,0.06023,0.06122,6537393.33,103916805
1587600000,2020-04-23 00:00:00,XLM/USD,0.055,0.06703,0.055,0.06215,12368124.27,200561418
1587513600,2020-04-22 00:00:00,XLM/USD,0.05094,0.055,0.05072,0.055,3303545.36,61883700
1587427200,2020-04-21 00:00:00,XLM/USD,0.0495,0.05193,0.04926,0.05094,1749936.76,34611145
1587340800,2020-04-20 00:00:00,XLM/USD,0.04889,0.0533,0.04862,0.0495,3854540.8,75521101
1587254400,2020-04-19 00:00:00,XLM/USD,0.0506,0.05079,0.04831,0.04889,1165305.1,23500774
1587168000,2020-04-18 00:00:00,XLM/USD,0.04866,0.05124,0.04866,0.0506,1623555.76,32425269
1587081600,2020-04-17 00:00:00,XLM/USD,0.04925,0.05,0.04825,0.04866,1152347.26,23543717
1586995200,2020-04-16 00:00:00,XLM/USD,0.04619,0.05,0.04451,0.04925,2785015.13,58263817
1586908800,2020-04-15 00:00:00,XLM/USD,0.04814,0.04875,0.04586,0.04619,1344677.16,28322070
1586822400,2020-04-14 00:00:00,XLM/USD,0.04829,0.04913,0.0476,0.04814,1121644.87,23168272
1586736000,2020-04-13 00:00:00,XLM/USD,0.04898,0.04902,0.04605,0.04829,2298113.34,48588396
1586649600,2020-04-12 00:00:00,XLM/USD,0.04988,0.0516,0.04852,0.04898,1978540.37,39516561
1586563200,2020-04-11 00:00:00,XLM/USD,0.04779,0.04999,0.04756,0.04988,2195881.1,44668245
1586476800,2020-04-10 00:00:00,XLM/USD,0.05214,0.05241,0.04544,0.04779,2887900.18,59554885
1586390400,2020-04-09 00:00:00,XLM/USD,0.05138,0.05262,0.04878,0.05214,2905659.26,56942671
1586304000,2020-04-08 00:00:00,XLM/USD,0.04843,0.05159,0.04813,0.05138,2690986.88,53790860
1586217600,2020-04-07 00:00:00,XLM/USD,0.05,0.05152,0.04733,0.04843,4251657.49,84989066
1586131200,2020-04-06 00:00:00,XLM/USD,0.04358,0.05,0.0435,0.05,5973948.53,125197256
1586044800,2020-04-05 00:00:00,XLM/USD,0.04199,0.04365,0.04151,0.04358,1210333.32,28449153
1585958400,2020-04-04 00:00:00,XLM/USD,0.04142,0.0425,0.04091,0.04199,715698.45,17253175
1585872000,2020-04-03 00:00:00,XLM/USD,0.04129,0.04226,0.04061,0.04142,760885.77,18352722
1585785600,2020-04-02 00:00:00,XLM/USD,0.0409,0.04337,0.04052,0.04129,1327154.36,32004980
1585699200,2020-04-01 00:00:00,XLM/USD,0.04088,0.042,0.03886,0.0409,980907.15,24563224
1585612800,2020-03-31 00:00:00,XLM/USD,0.04006,0.04113,0.04002,0.04088,674754.88,16609790
1585526400,2020-03-30 00:00:00,XLM/USD,0.0378,0.0412,0.03762,0.04006,1232011.12,30862376
1585440000,2020-03-29 00:00:00,XLM/USD,0.04013,0.0402,0.03773,0.0378,947827.44,24285561
1585353600,2020-03-28 00:00:00,XLM/USD,0.0405,0.04082,0.0388,0.04013,1330812.72,33507355
1585267200,2020-03-27 00:00:00,XLM/USD,0.04302,0.04372,0.0402,0.0405,1925906.15,45610500
1585180800,2020-03-26 00:00:00,XLM/USD,0.04062,0.0431,0.03992,0.04302,1615501.47,39217845
1585094400,2020-03-25 00:00:00,XLM/USD,0.04058,0.04112,0.0392,0.04062,1171004.57,29245964
1585008000,2020-03-24 00:00:00,XLM/USD,0.03953,0.04075,0.03909,0.04058,1814733.83,45420000
1584921600,2020-03-23 00:00:00,XLM/USD,0.03676,0.04047,0.03619,0.03953,1721090.75,44942038
1584835200,2020-03-22 00:00:00,XLM/USD,0.03969,0.04058,0.0365,0.03676,1431634.48,37424517
1584748800,2020-03-21 00:00:00,XLM/USD,0.0399,0.04098,0.038,0.03969,1058079.43,26719687
1584662400,2020-03-20 00:00:00,XLM/USD,0.04151,0.04518,0.03542,0.0399,3674203.83,89596556
1584576000,2020-03-19 00:00:00,XLM/USD,0.03709,0.0433,0.03673,0.04151,3146801.11,78637697
1584489600,2020-03-18 00:00:00,XLM/USD,0.03746,0.03803,0.03424,0.03709,1769562.67,48956271
1584403200,2020-03-17 00:00:00,XLM/USD,0.03538,0.0385,0.03497,0.03746,1688492.07,45500920
1584316800,2020-03-16 00:00:00,XLM/USD,0.03779,0.03798,0.03127,0.03538,2685879.61,77493406
1584230400,2020-03-15 00:00:00,XLM/USD,0.0367,0.04096,0.03621,0.03779,1953713.5,51259841
1584144000,2020-03-14 00:00:00,XLM/USD,0.04024,0.0407,0.03621,0.0367,1887944.35,48963350
1584057600,2020-03-13 00:00:00,XLM/USD,0.03343,0.0492,0.02614,0.04024,7701913.52,210216982
1583971200,2020-03-12 00:00:00,XLM/USD,0.05038,0.05061,0.03135,0.03343,7321492.53,181820925
1583884800,2020-03-11 00:00:00,XLM/USD,0.05195,0.05262,0.0473,0.05038,1308894.77,26151409
1583798400,2020-03-10 00:00:00,XLM/USD,0.05249,0.05337,0.05071,0.05195,1914051.72,36855493
1583712000,2020-03-09 00:00:00,XLM/USD,0.0498,0.0525,0.047,0.05249,3289584.09,65799868
1583625600,2020-03-08 00:00:00,XLM/USD,0.05846,0.05846,0.04855,0.0498,3130284.79,58828816
1583539200,2020-03-07 00:00:00,XLM/USD,0.0615,0.06178,0.05796,0.05846,1433515.93,23865800
1583452800,2020-03-06 00:00:00,XLM/USD,0.05973,0.06158,0.05927,0.0615,1498862.31,24890985
1583366400,2020-03-05 00:00:00,XLM/USD,0.05863,0.06106,0.05861,0.05973,1971646.2,32769440
1583280000,2020-03-04 00:00:00,XLM/USD,0.05822,0.05917,0.05769,0.05863,1573144.06,26940690
1583193600,2020-03-03 00:00:00,XLM/USD,0.05972,0.06044,0.05756,0.05822,1549167.26,26334624
1583107200,2020-03-02 00:00:00,XLM/USD,0.0558,0.0604,0.05553,0.05972,2250373.93,38326833
1583020800,2020-03-01 00:00:00,XLM/USD,0.05692,0.0585,0.05486,0.0558,2230002.12,39406238
1582934400,2020-02-29 00:00:00,XLM/USD,0.05846,0.05992,0.05684,0.05692,1340829.18,23017426
1582848000,2020-02-28 00:00:00,XLM/USD,0.06011,0.06148,0.0563,0.05846,2113755.53,36131166
1582761600,2020-02-27 00:00:00,XLM/USD,0.05878,0.0631,0.056,0.06011,3492562.28,57903359
1582675200,2020-02-26 00:00:00,XLM/USD,0.06409,0.06452,0.05564,0.05878,4092102.38,68223739
1582588800,2020-02-25 00:00:00,XLM/USD,0.0691,0.06923,0.06321,0.06409,2458015.0,37375582
1582502400,2020-02-24 00:00:00,XLM/USD,0.07332,0.07367,0.0669,0.0691,2190835.27,31383188
1582416000,2020-02-23 00:00:00,XLM/USD,0.07046,0.07344,0.07004,0.07332,1345132.95,18628466
1582329600,2020-02-22 00:00:00,XLM/USD,0.071,0.07164,0.06924,0.07046,1123020.14,15930235
1582243200,2020-02-21 00:00:00,XLM/USD,0.07066,0.07285,0.06943,0.071,1898853.85,26640186
1582156800,2020-02-20 00:00:00,XLM/USD,0.07,0.07166,0.06722,0.07066,3658260.48,52536287
1582070400,2020-02-19 00:00:00,XLM/USD,0.07613,0.07985,0.068,0.07,4501653.61,60383031
1581984000,2020-02-18 00:00:00,XLM/USD,0.07284,0.07704,0.07018,0.07613,3629642.46,48894447
1581897600,2020-02-17 00:00:00,XLM/USD,0.07455,0.0752,0.06699,0.07284,4422160.99,63002663
1581811200,2020-02-16 00:00:00,XLM/USD,0.07894,0.08154,0.06624,0.07455,6169182.27,84217333
1581724800,2020-02-15 00:00:00,XLM/USD,0.08689,0.08889,0.07525,0.07894,5350265.81,65731877
1581638400,2020-02-14 00:00:00,XLM/USD,0.08357,0.08756,0.08,0.08689,5323822.62,63038749
1581552000,2020-02-13 00:00:00,XLM/USD,0.08008,0.0885,0.0789,0.08357,8299520.69,98470611
1581465600,2020-02-12 00:00:00,XLM/USD,0.07406,0.08276,0.07406,0.08008,7961826.04,100601841
1581379200,2020-02-11 00:00:00,XLM/USD,0.07052,0.07505,0.06876,0.07406,3092920.84,42650449
1581292800,2020-02-10 00:00:00,XLM/USD,0.07347,0.07383,0.06839,0.07052,2214746.75,31256333
1581206400,2020-02-09 00:00:00,XLM/USD,0.071,0.07399,0.07085,0.07347,2871396.43,39548910
1581120000,2020-02-08 00:00:00,XLM/USD,0.07198,0.07223,0.06732,0.071,3019687.9,42884043
1581033600,2020-02-07 00:00:00,XLM/USD,0.07114,0.07378,0.07072,0.07198,3104694.8,43086471
1580947200,2020-02-06 00:00:00,XLM/USD,0.06909,0.0719,0.06734,0.07114,3034137.64,43391144
1580860800,2020-02-05 00:00:00,XLM/USD,0.066,0.06975,0.06576,0.06909,3367756.79,49557983
1580774400,2020-02-04 00:00:00,XLM/USD,0.06413,0.06774,0.06164,0.066,3257825.01,50232881
1580688000,2020-02-03 00:00:00,XLM/USD,0.06338,0.06591,0.06248,0.06413,1510542.12,23722400
1580601600,2020-02-02 00:00:00,XLM/USD,0.06223,0.06605,0.06072,0.06338,2504744.76,39121811
1580515200,2020-02-01 00:00:00,XLM/USD,0.06051,0.06245,0.06037,0.06223,1285680.09,20881579
1580428800,2020-01-31 00:00:00,XLM/USD,0.06281,0.06297,0.05971,0.06051,1464208.6,23939240
1580342400,2020-01-30 00:00:00,XLM/USD,0.06079,0.06309,0.05962,0.06281,1523442.96,24884510
1580256000,2020-01-29 00:00:00,XLM/USD,0.06068,0.063,0.06,0.06079,1776597.62,28969156
1580169600,2020-01-28 00:00:00,XLM/USD,0.0596,0.06206,0.05902,0.06068,1379403.99,22850882
1580083200,2020-01-27 00:00:00,XLM/USD,0.05832,0.06063,0.05753,0.0596,1745133.86,29378158
1579996800,2020-01-26 00:00:00,XLM/USD,0.05585,0.0586,0.05575,0.05832,866725.9,15083282
1579910400,2020-01-25 00:00:00,XLM/USD,0.05704,0.0571,0.05554,0.05585,581850.68,10359817
1579824000,2020-01-24 00:00:00,XLM/USD,0.05822,0.05835,0.05468,0.05704,1754551.38,30964040
1579737600,2020-01-23 00:00:00,XLM/USD,0.0612,0.06124,0.05663,0.05822,2484262.27,42467066
1579651200,2020-01-22 00:00:00,XLM/USD,0.06259,0.06366,0.06059,0.0612,1359581.87,21882175
1579564800,2020-01-21 00:00:00,XLM/USD,0.06263,0.06449,0.0617,0.06259,1875661.11,29783225
1579478400,2020-01-20 00:00:00,XLM/USD,0.06001,0.0649,0.05923,0.06263,2561666.0,40729477
1579392000,2020-01-19 00:00:00,XLM/USD,0.0615,0.06601,0.05822,0.06001,2998475.08,48835155
1579305600,2020-01-18 00:00:00,XLM/USD,0.06078,0.06625,0.0575,0.0615,4992825.65,80120587
1579219200,2020-01-17 00:00:00,XLM/USD,0.0535,0.065,0.053,0.06078,7658796.58,128637734
1579132800,2020-01-16 00:00:00,XLM/USD,0.05487,0.05516,0.05194,0.0535,2255996.89,42259124
1579046400,2020-01-15 00:00:00,XLM/USD,0.05294,0.05697,0.05163,0.05487,3242294.37,59547587
1578960000,2020-01-14 00:00:00,XLM/USD,0.04817,0.05529,0.04811,0.05294,3260357.12,63269305
1578873600,2020-01-13 00:00:00,XLM/USD,0.04902,0.0491,0.04756,0.04817,455712.3,9464939
1578787200,2020-01-12 00:00:00,XLM/USD,0.04838,0.04929,0.04808,0.04902,424302.16,8696324
1578700800,2020-01-11 00:00:00,XLM/USD,0.048,0.0495,0.04741,0.04838,1081201.74,22300316
1578614400,2020-01-10 00:00:00,XLM/USD,0.0471,0.04813,0.0456,0.048,793282.69,16854968
1578528000,2020-01-09 00:00:00,XLM/USD,0.04768,0.04823,0.04691,0.0471,482604.47,10141307
1578441600,2020-01-08 00:00:00,XLM/USD,0.0485,0.04941,0.0468,0.04768,1118742.14,23159236
1578355200,2020-01-07 00:00:00,XLM/USD,0.05051,0.0513,0.0475,0.0485,1332553.09,26983762
1578268800,2020-01-06 00:00:00,XLM/USD,0.0455,0.05065,0.04541,0.05051,1400753.16,28714334
1578182400,2020-01-05 00:00:00,XLM/USD,0.04557,0.04625,0.04518,0.0455,442405.94,9668976
1578096000,2020-01-04 00:00:00,XLM/USD,0.04561,0.04576,0.0451,0.04557,330743.06,7275664
1578009600,2020-01-03 00:00:00,XLM/USD,0.04348,0.04569,0.0431,0.04561,673922.43,15078925
1577923200,2020-01-02 00:00:00,XLM/USD,0.04511,0.04529,0.0434,0.04348,480926.58,10885954
1577836800,2020-01-01 00:00:00,XLM/USD,0.04485,0.04553,0.04464,0.04511,529864.51,11751585
1577750400,2019-12-31 00:00:00,XLM/USD,0.04546,0.0457,0.0445,0.04485,650570.24,14420914
1577664000,2019-12-30 00:00:00,XLM/USD,0.04619,0.04678,0.04524,0.04546,516196.46,11238963
1577577600,2019-12-29 00:00:00,XLM/USD,0.04585,0.04668,0.04565,0.04619,467515.44,10143575
1577491200,2019-12-28 00:00:00,XLM/USD,0.04578,0.0465,0.04557,0.04585,770657.15,16714701
1577404800,2019-12-27 00:00:00,XLM/USD,0.04467,0.04607,0.04396,0.04578,773509.0,17119912
1577318400,2019-12-26 00:00:00,XLM/USD,0.04437,0.04559,0.04405,0.04467,614308.34,13757628
1577232000,2019-12-25 00:00:00,XLM/USD,0.04508,0.04508,0.04358,0.04437,365240.63,8236912
1577145600,2019-12-24 00:00:00,XLM/USD,0.04494,0.04583,0.04442,0.04508,440902.47,9779351
1577059200,2019-12-23 00:00:00,XLM/USD,0.04732,0.04775,0.04453,0.04494,825660.35,17889000
1576972800,2019-12-22 00:00:00,XLM/USD,0.04544,0.0474,0.04523,0.04732,747179.08,16131429
1576886400,2019-12-21 00:00:00,XLM/USD,0.04638,0.04643,0.04532,0.04544,547023.41,11900621
1576800000,2019-12-20 00:00:00,XLM/USD,0.0452,0.04654,0.04475,0.04638,796754.65,17375515
1576713600,2019-12-19 00:00:00,XLM/USD,0.04665,0.0472,0.04463,0.0452,1118483.7,24647411
1576627200,2019-12-18 00:00:00,XLM/USD,0.04322,0.04797,0.04214,0.04665,1825523.69,40283638
1576540800,2019-12-17 00:00:00,XLM/USD,0.04693,0.04713,0.04213,0.04322,1984007.49,44212639
1576454400,2019-12-16 00:00:00,XLM/USD,0.05097,0.05107,0.04673,0.04693,1357232.29,27899831
1576368000,2019-12-15 00:00:00,XLM/USD,0.05098,0.05151,0.0503,0.05097,470189.89,9237193
1576281600,2019-12-14 00:00:00,XLM/USD,0.05277,0.05283,0.05002,0.05098,782313.57,15222869
1576195200,2019-12-13 00:00:00,XLM/USD,0.05199,0.05307,0.05181,0.05277,662629.25,12630766
1576108800,2019-12-12 00:00:00,XLM/USD,0.05278,0.05322,0.05126,0.05199,866573.16,16591114
1576022400,2019-12-11 00:00:00,XLM/USD,0.05308,0.05373,0.05255,0.05278,675428.63,12740086
1575936000,2019-12-10 00:00:00,XLM/USD,0.0547,0.0547,0.05216,0.05308,1127788.04,21104460
1575849600,2019-12-09 00:00:00,XLM/USD,0.05591,0.0561,0.05416,0.0547,689560.91,12519588
1575763200,2019-12-08 00:00:00,XLM/USD,0.05536,0.056,0.05483,0.05591,671622.28,12096862
1575676800,2019-12-07 00:00:00,XLM/USD,0.05557,0.0563,0.05536,0.05536,653936.45,11745958
1575590400,2019-12-06 00:00:00,XLM/USD,0.05543,0.05592,0.05469,0.05557,652027.72,11810866
1575504000,2019-12-05 00:00:00,XLM/USD,0.05467,0.05572,0.054,0.05543,584442.81,10638748
1575417600,2019-12-04 00:00:00,XLM/USD,0.05572,0.0582,0.05352,0.05467,1084408.1,19589798
1575331200,2019-12-03 00:00:00,XLM/USD,0.05587,0.05649,0.05509,0.05572,730788.01,13093546
1575244800,2019-12-02 00:00:00,XLM/USD,0.05733,0.05746,0.05511,0.05587,754883.98,13439239
1575158400,2019-12-01 00:00:00,XLM/USD,0.05729,0.05773,0.05522,0.05733,755537.95,13360240
1575072000,2019-11-30 00:00:00,XLM/USD,0.05912,0.05935,0.0568,0.05729,697050.94,11996772
1574985600,2019-11-29 00:00:00,XLM/USD,0.0581,0.06,0.05779,0.05912,626463.74,10623389
1574899200,2019-11-28 00:00:00,XLM/USD,0.05887,0.05915,0.05751,0.0581,758803.29,12957351
1574812800,2019-11-27 00:00:00,XLM/USD,0.0576,0.05962,0.05505,0.05887,1144903.36,19786978
1574726400,2019-11-26 00:00:00,XLM/USD,0.05747,0.05824,0.05644,0.0576,911055.64,15945424
1574640000,2019-11-25 00:00:00,XLM/USD,0.05557,0.05964,0.05314,0.05747,2488539.0,44077194
1574553600,2019-11-24 00:00:00,XLM/USD,0.06153,0.062,0.05524,0.05557,1596097.88,27473853
1574467200,2019-11-23 00:00:00,XLM/USD,0.0595,0.06228,0.05792,0.06153,1967901.4,32669483
1574380800,2019-11-22 00:00:00,XLM/USD,0.06074,0.06144,0.0529,0.0595,3583169.67,62261984
1574294400,2019-11-21 00:00:00,XLM/USD,0.0639,0.06395,0.057,0.06074,2640870.2,43615531
1574208000,2019-11-20 00:00:00,XLM/USD,0.06565,0.06624,0.0636,0.0639,1295827.95,19989294
1574121600,2019-11-19 00:00:00,XLM/USD,0.06701,0.06701,0.0635,0.06565,2102562.5,32321662
1574035200,2019-11-18 00:00:00,XLM/USD,0.07162,0.07171,0.0644,0.06701,2431894.4,35823120
1573948800,2019-11-17 00:00:00,XLM/USD,0.07142,0.07305,0.0712,0.07162,938467.09,13027541
1573862400,2019-11-16 00:00:00,XLM/USD,0.0718,0.07225,0.071,0.07142,1107169.45,15476480
1573776000,2019-11-15 00:00:00,XLM/USD,0.07421,0.0754,0.07001,0.0718,2083052.4,28691587
1573689600,2019-11-14 00:00:00,XLM/USD,0.07588,0.07625,0.07212,0.07421,2113058.46,28614351
1573603200,2019-11-13 00:00:00,XLM/USD,0.07679,0.07757,0.075,0.07588,5340039.99,69716769
1573516800,2019-11-12 00:00:00,XLM/USD,0.07984,0.08265,0.074,0.07679,5909880.72,76278466
1573430400,2019-11-11 00:00:00,XLM/USD,0.079,0.08117,0.07587,0.07984,3608249.3,45665006
1573344000,2019-11-10 00:00:00,XLM/USD,0.07312,0.0815,0.073,0.079,4358892.15,56022445
1573257600,2019-11-09 00:00:00,XLM/USD,0.07103,0.0734,0.07054,0.07312,1395088.83,19286496
1573171200,2019-11-08 00:00:00,XLM/USD,0.07426,0.07699,0.068,0.07103,2819426.09,38969686
1573084800,2019-11-07 00:00:00,XLM/USD,0.077,0.07701,0.07265,0.07426,3333880.09,44502206
1572998400,2019-11-06 00:00:00,XLM/USD,0.08261,0.08302,0.07659,0.077,4989003.21,63277578
1572912000,2019-11-05 00:00:00,XLM/USD,0.0795,0.09,0.07785,0.08261,15465120.35,186016956
1572825600,2019-11-04 00:00:00,XLM/USD,0.0687,0.0805,0.06754,0.0795,2884468.13,39495017
1572739200,2019-11-03 00:00:00,XLM/USD,0.07153,0.07238,0.06806,0.0687,1554481.23,22219118
1572652800,2019-11-02 00:00:00,XLM/USD,0.06921,0.07186,0.06911,0.07153,1548821.9,22013110
1572566400,2019-11-01 00:00:00,XLM/USD,0.0651,0.0725,0.06443,0.06921,5544120.62,79936892
1572480000,2019-10-31 00:00:00,XLM/USD,0.064,0.06525,0.0623,0.0651,1156045.64,18137584
1572393600,2019-10-30 00:00:00,XLM/USD,0.06684,0.0675,0.0627,0.064,1420725.39,22060866
1572307200,2019-10-29 00:00:00,XLM/USD,0.06476,0.06986,0.06473,0.06684,1629851.92,24324100
1572220800,2019-10-28 00:00:00,XLM/USD,0.06526,0.0692,0.06461,0.06476,1928387.13,29050450
1572134400,2019-10-27 00:00:00,XLM/USD,0.06295,0.06593,0.06209,0.06526,1302718.37,20347957
1572048000,2019-10-26 00:00:00,XLM/USD,0.06444,0.06777,0.06188,0.06295,2597382.27,40033711
1571961600,2019-10-25 00:00:00,XLM/USD,0.06018,0.06623,0.05957,0.06444,1964163.13,30934055
1571875200,2019-10-24 00:00:00,XLM/USD,0.05985,0.0617,0.05866,0.06018,1047765.61,17356237
1571788800,2019-10-23 00:00:00,XLM/USD,0.06329,0.06357,0.0566,0.05985,2120949.41,35555065
1571702400,2019-10-22 00:00:00,XLM/USD,0.06388,0.06499,0.06307,0.06329,1095220.56,17058306
1571616000,2019-10-21 00:00:00,XLM/USD,0.0634,0.0642,0.06275,0.06388,632580.25,9961282
1571529600,2019-10-20 00:00:00,XLM/USD,0.06248,0.06397,0.0617,0.0634,696126.22,11067025
1571443200,2019-10-19 00:00:00,XLM/USD,0.06317,0.06395,0.06214,0.06248,749672.59,11905613
1571356800,2019-10-18 00:00:00,XLM/USD,0.0652,0.0654,0.062,0.06317,954417.63,15018042
1571270400,2019-10-17 00:00:00,XLM/USD,0.06171,0.0653,0.06093,0.0652,1298981.5,20372845
1571184000,2019-10-16 00:00:00,XLM/USD,0.06397,0.06439,0.06031,0.06171,1371145.37,22104979
1571097600,2019-10-15 00:00:00,XLM/USD,0.06626,0.06699,0.06229,0.06397,2467566.8,38195499
1571011200,2019-10-14 00:00:00,XLM/USD,0.0614,0.0663,0.06101,0.06626,2306099.0,36093746
1570924800,2019-10-13 00:00:00,XLM/USD,0.06093,0.06262,0.0606,0.0614,967289.6,15666644
1570838400,2019-10-12 00:00:00,XLM/USD,0.05993,0.06194,0.05973,0.06093,539885.18,8840116
1570752000,2019-10-11 00:00:00,XLM/USD,0.06162,0.063,0.0592,0.05993,1193917.54,19649160
1570665600,2019-10-10 00:00:00,XLM/USD,0.06332,0.06339,0.0611,0.06162,1293251.95,20833036
1570579200,2019-10-09 00:00:00,XLM/USD,0.06196,0.0654,0.0611,0.06332,2584423.1,40894287
1570492800,2019-10-08 00:00:00,XLM/USD,0.06218,0.06395,0.06084,0.06196,1951430.18,31464384
1570406400,2019-10-07 00:00:00,XLM/USD,0.05838,0.06388,0.05791,0.06218,2129948.04,34462785
1570320000,2019-10-06 00:00:00,XLM/USD,0.05906,0.0595,0.05706,0.05838,1080741.57,18484754
1570233600,2019-10-05 00:00:00,XLM/USD,0.05873,0.05937,0.05819,0.05906,672567.82,11461498
1570147200,2019-10-04 00:00:00,XLM/USD,0.05869,0.06047,0.05761,0.05873,1106518.12,18731808
1570060800,2019-10-03 00:00:00,XLM/USD,0.0598,0.06,0.05785,0.05869,931996.3,15872946
1569974400,2019-10-02 00:00:00,XLM/USD,0.05887,0.0598,0.058,0.0598,1039352.78,17638160
1569888000,2019-10-01 00:00:00,XLM/USD,0.06213,0.06225,0.0582,0.05887,1665389.2,27687057
1569801600,2019-09-30 00:00:00,XLM/USD,0.05811,0.06233,0.05627,0.06213,2316063.02,38428304
1569715200,2019-09-29 00:00:00,XLM/USD,0.05846,0.05889,0.05656,0.05811,805741.45,13978370
1569628800,2019-09-28 00:00:00,XLM/USD,0.05892,0.06,0.0573,0.05846,1037846.56,17722640
1569542400,2019-09-27 00:00:00,XLM/USD,0.05856,0.05953,0.0557,0.05892,1847739.34,31832087
1569456000,2019-09-26 00:00:00,XLM/USD,0.0574,0.0624,0.05338,0.05856,4076440.52,70096931
1569369600,2019-09-25 00:00:00,XLM/USD,0.05415,0.0603,0.0522,0.0574,3142931.75,56603470
1569283200,2019-09-24 00:00:00,XLM/USD,0.06337,0.065,0.053,0.05415,5318454.59,91652999
1569196800,2019-09-23 00:00:00,XLM/USD,0.06859,0.06924,0.0631,0.06337,2100142.53,31831338
1569110400,2019-09-22 00:00:00,XLM/USD,0.06963,0.07029,0.06673,0.06859,2467972.89,36236159
1569024000,2019-09-21 00:00:00,XLM/USD,0.07193,0.07428,0.06926,0.06963,1960768.3,27346694
1568937600,2019-09-20 00:00:00,XLM/USD,0.08094,0.08121,0.0705,0.07193,5051584.35,67624169
1568851200,2019-09-19 00:00:00,XLM/USD,0.08288,0.0886,0.0741,0.08094,9321687.76,115036571
1568764800,2019-09-18 00:00:00,XLM/USD,0.06341,0.126,0.06341,0.08288,14721196.45,177876432
1568678400,2019-09-17 00:00:00,XLM/USD,0.05876,0.067,0.05825,0.06341,1516424.9,24201329
1568592000,2019-09-16 00:00:00,XLM/USD,0.05839,0.05915,0.05811,0.05876,535323.57,9134875
1568505600,2019-09-15 00:00:00,XLM/USD,0.0589,0.05924,0.05813,0.05839,273546.49,4661675
1568419200,2019-09-14 00:00:00,XLM/USD,0.05796,0.05979,0.0572,0.0589,875845.25,15018182
1568332800,2019-09-13 00:00:00,XLM/USD,0.05866,0.0589,0.05708,0.05796,533979.18,9199458
1568246400,2019-09-12 00:00:00,XLM/USD,0.05909,0.05909,0.05771,0.05866,522266.92,8958492
1568160000,2019-09-11 00:00:00,XLM/USD,0.05974,0.06027,0.05809,0.05909,574576.77,9744143
1568073600,2019-09-10 00:00:00,XLM/USD,0.06046,0.061,0.059,0.05974,511381.17,8492340
1567987200,2019-09-09 00:00:00,XLM/USD,0.06109,0.06172,0.05937,0.06046,426525.72,7049698
1567900800,2019-09-08 00:00:00,XLM/USD,0.0606,0.06199,0.06016,0.06109,356883.55,5826997
1567814400,2019-09-07 00:00:00,XLM/USD,0.05834,0.0615,0.0579,0.0606,540464.71,8994528
1567728000,2019-09-06 00:00:00,XLM/USD,0.06057,0.06135,0.05776,0.05834,897017.37,15050783
1567641600,2019-09-05 00:00:00,XLM/USD,0.06187,0.06207,0.06,0.06057,555630.55,9135980
1567555200,2019-09-04 00:00:00,XLM/USD,0.06314,0.06318,0.06138,0.06187,528247.94,8491594
1567468800,2019-09-03 00:00:00,XLM/USD,0.0631,0.06418,0.06257,0.06314,522586.58,8254345
1567382400,2019-09-02 00:00:00,XLM/USD,0.0625,0.06418,0.0613,0.0631,496462.16,7909481
1567296000,2019-09-01 00:00:00,XLM/USD,0.06215,0.06278,0.06103,0.0625,338619.05,5462658
1567209600,2019-08-31 00:00:00,XLM/USD,0.06189,0.06285,0.06049,0.06215,383612.96,6183490
1567123200,2019-08-30 00:00:00,XLM/USD,0.06174,0.06346,0.0611,0.06189,499650.63,8010118
1567036800,2019-08-29 00:00:00,XLM/USD,0.06391,0.0642,0.0604,0.06174,959203.79,15459450
1566950400,2019-08-28 00:00:00,XLM/USD,0.06834,0.0685,0.06324,0.06391,848273.05,12977928
1566864000,2019-08-27 00:00:00,XLM/USD,0.06945,0.06962,0.06733,0.06834,398440.88,5847524
1566777600,2019-08-26 00:00:00,XLM/USD,0.06937,0.0715,0.06878,0.06945,419064.02,6007972
1566691200,2019-08-25 00:00:00,XLM/USD,0.07058,0.07213,0.06822,0.06937,600900.86,8559933
1566604800,2019-08-24 00:00:00,XLM/USD,0.0692,0.07121,0.06752,0.07058,528710.59,7613481
1566518400,2019-08-23 00:00:00,XLM/USD,0.06827,0.0695,0.0675,0.0692,590678.48,8611084
1566432000,2019-08-22 00:00:00,XLM/USD,0.06688,0.06956,0.0655,0.06827,778896.31,11532269
1566345600,2019-08-21 00:00:00,XLM/USD,0.06875,0.06896,0.06563,0.06688,927978.63,13864352
1566259200,2019-08-20 00:00:00,XLM/USD,0.07176,0.07199,0.06875,0.06875,524394.34,7508226
1566172800,2019-08-19 00:00:00,XLM/USD,0.07083,0.07197,0.07027,0.07176,490729.59,6890541
1566086400,2019-08-18 00:00:00,XLM/USD,0.06779,0.07176,0.06739,0.07083,581374.63,8296845
1566000000,2019-08-17 00:00:00,XLM/USD,0.06872,0.06924,0.06667,0.06779,505353.9,7418105
1565913600,2019-08-16 00:00:00,XLM/USD,0.07014,0.07059,0.06679,0.06872,829833.96,12084300
1565827200,2019-08-15 00:00:00,XLM/USD,0.069,0.07087,0.06545,0.07014,1453511.29,21246653
1565740800,2019-08-14 00:00:00,XLM/USD,0.07422,0.0745,0.06601,0.069,1839051.39,26124487
1565654400,2019-08-13 00:00:00,XLM/USD,0.0753,0.0755,0.07224,0.07422,688169.27,9270494
1565568000,2019-08-12 00:00:00,XLM/USD,0.0783,0.07832,0.07516,0.0753,738070.94,9669809
1565481600,2019-08-11 00:00:00,XLM/USD,0.07366,0.08011,0.07339,0.0783,1260252.56,16310919
1565395200,2019-08-10 00:00:00,XLM/USD,0.07174,0.0748,0.07135,0.07366,1174285.5,16070315
1565308800,2019-08-09 00:00:00,XLM/USD,0.07695,0.07702,0.07159,0.07174,1369267.94,18617002
1565222400,2019-08-08 00:00:00,XLM/USD,0.07858,0.07875,0.07561,0.07695,1053395.98,13704447
1565136000,2019-08-07 00:00:00,XLM/USD,0.07823,0.07936,0.07657,0.07858,1042161.3,13345405
1565049600,2019-08-06 00:00:00,XLM/USD,0.0823,0.08234,0.077,0.07823,1721758.55,21683245
1564963200,2019-08-05 00:00:00,XLM/USD,0.08218,0.08445,0.08061,0.0823,1479532.87,17912792
1564876800,2019-08-04 00:00:00,XLM/USD,0.08241,0.08275,0.08075,0.08218,583165.42,7118238
1564790400,2019-08-03 00:00:00,XLM/USD,0.08209,0.08325,0.08182,0.08241,733577.49,8898307
1564704000,2019-08-02 00:00:00,XLM/USD,0.083,0.08354,0.08177,0.08209,712791.04,8634461
1564617600,2019-08-01 00:00:00,XLM/USD,0.08401,0.08413,0.08183,0.083,728552.86,8797812
1564531200,2019-07-31 00:00:00,XLM/USD,0.08346,0.08529,0.08305,0.08401,991504.83,11824707
1564444800,2019-07-30 00:00:00,XLM/USD,0.08333,0.08498,0.08091,0.08346,605837.5,7274562
1564358400,2019-07-29 00:00:00,XLM/USD,0.0839,0.08582,0.08249,0.08333,608253.85,7265931
1564272000,2019-07-28 00:00:00,XLM/USD,0.08438,0.08474,0.08038,0.0839,579355.06,6954529
1564185600,2019-07-27 00:00:00,XLM/USD,0.08815,0.0901,0.0827,0.08438,944460.54,11084481
1564099200,2019-07-26 00:00:00,XLM/USD,0.08548,0.09002,0.0835,0.08815,763888.21,8848178
1564012800,2019-07-25 00:00:00,XLM/USD,0.086,0.08925,0.0851,0.08548,723758.13,8382423
1563926400,2019-07-24 00:00:00,XLM/USD,0.0843,0.08672,0.08145,0.086,859238.71,10259176
1563840000,2019-07-23 00:00:00,XLM/USD,0.08847,0.08865,0.08318,0.0843,1072936.01,12550804
1563753600,2019-07-22 00:00:00,XLM/USD,0.09127,0.0918,0.08585,0.08847,979586.67,11038569
1563667200,2019-07-21 00:00:00,XLM/USD,0.0949,0.0949,0.08876,0.09127,1165628.7,12770587
1563580800,2019-07-20 00:00:00,XLM/USD,0.09365,0.09873,0.09169,0.0949,1935645.33,20409016
1563494400,2019-07-19 00:00:00,XLM/USD,0.08858,0.09581,0.08705,0.09365,2304124.31,25244492
1563408000,2019-07-18 00:00:00,XLM/USD,0.08067,0.093,0.07923,0.08858,2019676.99,23355206
1563321600,2019-07-17 00:00:00,XLM/USD,0.07816,0.08447,0.07574,0.08067,2102103.33,26195351
1563235200,2019-07-16 00:00:00,XLM/USD,0.08588,0.08859,0.07802,0.07816,2274386.9,27814874
1563148800,2019-07-15 00:00:00,XLM/USD,0.08562,0.088,0.08207,0.08588,1967834.37,23047549
1563062400,2019-07-14 00:00:00,XLM/USD,0.09634,0.09686,0.08454,0.08562,1779266.31,20004377
1562976000,2019-07-13 00:00:00,XLM/USD,0.09824,0.101,0.0914,0.09634,1582945.14,16471956
1562889600,2019-07-12 00:00:00,XLM/USD,0.08732,0.1022,0.08628,0.09824,2978908.93,31025255
1562803200,2019-07-11 00:00:00,XLM/USD,0.09471,0.0952,0.08501,0.08732,2566173.6,28788224
1562716800,2019-07-10 00:00:00,XLM/USD,0.1013,0.1025,0.0907,0.09471,3018135.03,31289654
1562630400,2019-07-09 00:00:00,XLM/USD,0.1045,0.1051,0.1005,0.1013,1444835.58,14046496
1562544000,2019-07-08 00:00:00,XLM/USD,0.1062,0.1064,0.1036,0.1045,1209477.75,11541115
1562457600,2019-07-07 00:00:00,XLM/USD,0.1038,0.1062,0.1024,0.1062,1077367.16,10316424
1562371200,2019-07-06 00:00:00,XLM/USD,0.1,0.1066,0.1,0.1038,1371793.54,13259893
1562284800,2019-07-05 00:00:00,XLM/USD,0.0993,0.1018,0.0974,0.1,1453406.52,14494694
1562198400,2019-07-04 00:00:00,XLM/USD,0.1061,0.1065,0.0985,0.0993,1708140.82,16594868
1562112000,2019-07-03 00:00:00,XLM/USD,0.103,0.1062,0.1024,0.1061,1917560.24,18468547
1562025600,2019-07-02 00:00:00,XLM/USD,0.1054,0.1064,0.0993,0.103,2334996.9,22836971
1561939200,2019-07-01 00:00:00,XLM/USD,0.1041,0.1095,0.1001,0.1054,2688467.09,25768975
1561852800,2019-06-30 00:00:00,XLM/USD,0.1144,0.1151,0.1034,0.1041,1922577.28,17639726
1561766400,2019-06-29 00:00:00,XLM/USD,0.1112,0.1186,0.1053,0.1144,3694065.42,33274201
1561680000,2019-06-28 00:00:00,XLM/USD,0.1077,0.1122,0.1066,0.1112,2491195.59,22655719
1561593600,2019-06-27 00:00:00,XLM/USD,0.1217,0.1229,0.1022,0.1077,5966357.16,53948801
1561507200,2019-06-26 00:00:00,XLM/USD,0.1233,0.132,0.1186,0.1217,7111667.92,56576175
1561420800,2019-06-25 00:00:00,XLM/USD,0.1278,0.129,0.1218,0.1233,2426639.61,19465602
1561334400,2019-06-24 00:00:00,XLM/USD,0.1271,0.1285,0.1241,0.1278,1722053.37,13624731
1561248000,2019-06-23 00:00:00,XLM/USD,0.1292,0.1325,0.1265,0.1271,2558646.76,19721953
1561161600,2019-06-22 00:00:00,XLM/USD,0.1238,0.135,0.1233,0.1292,5492222.55,42840217
1561075200,2019-06-21 00:00:00,XLM/USD,0.1214,0.1249,0.1212,0.1238,2672997.67,21669931
1560988800,2019-06-20 00:00:00,XLM/USD,0.1245,0.1246,0.1201,0.1214,1631892.5,13344111
1560902400,2019-06-19 00:00:00,XLM/USD,0.1238,0.1264,0.123,0.1245,1390946.67,11188123
1560816000,2019-06-18 00:00:00,XLM/USD,0.1309,0.1313,0.122,0.1238,2554626.12,20285452
1560729600,2019-06-17 00:00:00,XLM/USD,0.1299,0.132,0.1266,0.1309,2717529.08,20972435
1560643200,2019-06-16 00:00:00,XLM/USD,0.1274,0.1337,0.1265,0.1299,2962052.45,22922921
1560556800,2019-06-15 00:00:00,XLM/USD,0.1257,0.1289,0.1244,0.1274,1931626.76,15258383
1560470400,2019-06-14 00:00:00,XLM/USD,0.1244,0.126,0.1207,0.1257,1809986.43,14731398
1560384000,2019-06-13 00:00:00,XLM/USD,0.1275,0.1285,0.1242,0.1244,1540870.14,12178654
1560297600,2019-06-12 00:00:00,XLM/USD,0.1231,0.128,0.1209,0.1275,2014355.21,16060627
1560211200,2019-06-11 00:00:00,XLM/USD,0.1234,0.1239,0.1189,0.1231,1504306.11,12364602
1560124800,2019-06-10 00:00:00,XLM/USD,0.1191,0.1245,0.1173,0.1234,1352325.64,11112601
1560038400,2019-06-09 00:00:00,XLM/USD,0.1243,0.1252,0.1168,0.1191,1252990.61,10378373
1559952000,2019-06-08 00:00:00,XLM/USD,0.1278,0.1287,0.1228,0.1243,929591.67,7395320
1559865600,2019-06-07 00:00:00,XLM/USD,0.1249,0.1305,0.124,0.1278,2147930.02,16809417
1559779200,2019-06-06 00:00:00,XLM/USD,0.1214,0.1261,0.118,0.1249,1958381.24,16044503
1559692800,2019-06-05 00:00:00,XLM/USD,0.1208,0.1256,0.1187,0.1214,1719524.76,14026355
1559606400,2019-06-04 00:00:00,XLM/USD,0.1275,0.1275,0.1168,0.1208,3707114.67,30256335
1559520000,2019-06-03 00:00:00,XLM/USD,0.1369,0.14,0.1271,0.1275,2599236.94,19463982
1559433600,2019-06-02 00:00:00,XLM/USD,0.1325,0.1388,0.1321,0.1369,2100305.27,15436568
1559347200,2019-06-01 00:00:00,XLM/USD,0.1335,0.1349,0.1289,0.1325,1594145.43,12051978
1559260800,2019-05-31 00:00:00,XLM/USD,0.1292,0.135,0.124,0.1335,2618689.18,20259153
1559174400,2019-05-30 00:00:00,XLM/USD,0.1355,0.1442,0.1226,0.1292,6487733.41,47573033
1559088000,2019-05-29 00:00:00,XLM/USD,0.1395,0.14,0.1306,0.1355,3575777.33,26193809
1559001600,2019-05-28 00:00:00,XLM/USD,0.1385,0.1422,0.1319,0.1395,4013448.65,29129823
1558915200,2019-05-27 00:00:00,XLM/USD,0.1341,0.1449,0.1321,0.1385,4783401.28,35004877
1558828800,2019-05-26 00:00:00,XLM/USD,0.1256,0.135,0.1215,0.1341,2906050.58,22594461
1558742400,2019-05-25 00:00:00,XLM/USD,0.1256,0.1288,0.1241,0.1256,1406379.34,11145666
1558656000,2019-05-24 00:00:00,XLM/USD,0.1256,0.13,0.1214,0.1256,2650806.28,20855512
1558569600,2019-05-23 00:00:00,XLM/USD,0.122,0.1269,0.1176,0.1256,2435571.03,19884300
1558483200,2019-05-22 00:00:00,XLM/USD,0.1349,0.1389,0.12,0.122,3940960.02,30624462
1558396800,2019-05-21 00:00:00,XLM/USD,0.136,0.137,0.132,0.1349,2306604.55,17120443
1558310400,2019-05-20 00:00:00,XLM/USD,0.143,0.1435,0.1289,0.136,3371752.2,24912047
1558224000,2019-05-19 00:00:00,XLM/USD,0.1315,0.1458,0.1296,0.143,5449452.18,38988710
1558137600,2019-05-18 00:00:00,XLM/USD,0.1328,0.142,0.1285,0.1315,5760864.82,42747365
1558051200,2019-05-17 00:00:00,XLM/USD,0.1387,0.141,0.1148,0.1328,8922823.06,71449968
1557964800,2019-05-16 00:00:00,XLM/USD,0.145,0.1699,0.1303,0.1387,19248658.49,129584872
1557878400,2019-05-15 00:00:00,XLM/USD,0.1149,0.1468,0.1136,0.145,8299338.37,65595402
1557792000,2019-05-14 00:00:00,XLM/USD,0.1,0.1175,0.09852,0.1149,6528344.76,58944397
1557705600,2019-05-13 00:00:00,XLM/USD,0.09902,0.1042,0.09832,0.1,2096166.34,20606097
1557619200,2019-05-12 00:00:00,XLM/USD,0.1047,0.1065,0.09503,0.09902,2107561.14,20929824
1557532800,2019-05-11 00:00:00,XLM/USD,0.09289,0.11,0.092,0.1047,3461816.42,34037051
1557446400,2019-05-10 00:00:00,XLM/USD,0.08889,0.0933,0.0869,0.09289,1412471.96,15514482
1557360000,2019-05-09 00:00:00,XLM/USD,0.0917,0.0933,0.08625,0.08889,1591822.64,17794296
1557273600,2019-05-08 00:00:00,XLM/USD,0.09237,0.09292,0.09077,0.0917,1011720.9,11031792
1557187200,2019-05-07 00:00:00,XLM/USD,0.09606,0.09892,0.092,0.09237,1040512.03,10883598
1557100800,2019-05-06 00:00:00,XLM/USD,0.096,0.09816,0.09256,0.09606,856332.8,8958871
1557014400,2019-05-05 00:00:00,XLM/USD,0.09761,0.09925,0.0955,0.096,647206.15,6676329
1556928000,2019-05-04 00:00:00,XLM/USD,0.1002,0.103,0.09521,0.09761,817246.69,8269927
1556841600,2019-05-03 00:00:00,XLM/USD,0.0978,0.1022,0.09677,0.1002,1154052.58,11507605
1556755200,2019-05-02 00:00:00,XLM/USD,0.0998,0.1006,0.09722,0.0978,661129.18,6687722
1556668800,2019-05-01 00:00:00,XLM/USD,0.0997,0.1029,0.09873,0.0998,1009853.55,10027566
1556582400,2019-04-30 00:00:00,XLM/USD,0.09405,0.1002,0.09351,0.0997,1260582.61,12950914
1556496000,2019-04-29 00:00:00,XLM/USD,0.0959,0.09751,0.093,0.09405,825340.32,8689108
1556409600,2019-04-28 00:00:00,XLM/USD,0.09808,0.0996,0.09505,0.0959,512525.95,5261651
1556323200,2019-04-27 00:00:00,XLM/USD,0.09732,0.1003,0.09636,0.09808,931922.96,9507607
1556236800,2019-04-26 00:00:00,XLM/USD,0.09692,0.09999,0.09465,0.09732,1548290.01,16002760
1556150400,2019-04-25 00:00:00,XLM/USD,0.1032,0.106,0.0936,0.09692,1502739.48,14802680
1556064000,2019-04-24 00:00:00,XLM/USD,0.1096,0.11,0.099,0.1032,2015222.46,19416006
1555977600,2019-04-23 00:00:00,XLM/USD,0.113,0.114,0.1093,0.1096,1125948.84,10086171
1555891200,2019-04-22 00:00:00,XLM/USD,0.1119,0.1154,0.1093,0.113,947093.58,8412561
1555804800,2019-04-21 00:00:00,XLM/USD,0.1157,0.1162,0.1087,0.1119,1182744.36,10531352
1555718400,2019-04-20 00:00:00,XLM/USD,0.1159,0.1193,0.1139,0.1157,1202360.76,10329579
1555632000,2019-04-19 00:00:00,XLM/USD,0.1177,0.1179,0.114,0.1159,958461.97,8276515
1555545600,2019-04-18 00:00:00,XLM/USD,0.1174,0.1203,0.1163,0.1177,1543132.38,13082551
1555459200,2019-04-17 00:00:00,XLM/USD,0.1154,0.1174,0.1143,0.1174,976193.71,8430004
1555372800,2019-04-16 00:00:00,XLM/USD,0.1125,0.1169,0.111,0.1154,904608.33,7953881
1555286400,2019-04-15 00:00:00,XLM/USD,0.1182,0.1203,0.11,0.1125,1396999.22,12161714
1555200000,2019-04-14 00:00:00,XLM/USD,0.1159,0.1191,0.1137,0.1182,749550.04,6440367
1555113600,2019-04-13 00:00:00,XLM/USD,0.114,0.1179,0.1132,0.1159,781655.91,6779773
1555027200,2019-04-12 00:00:00,XLM/USD,0.1155,0.119,0.1102,0.114,1572553.18,13797641
1554940800,2019-04-11 00:00:00,XLM/USD,0.1266,0.1268,0.1111,0.1155,1723120.3,14696505
1554854400,2019-04-10 00:00:00,XLM/USD,0.1251,0.13,0.1242,0.1266,1277553.04,10083994
1554768000,2019-04-09 00:00:00,XLM/USD,0.1313,0.1321,0.1248,0.1251,1344634.0,10566396
1554681600,2019-04-08 00:00:00,XLM/USD,0.1335,0.1369,0.1254,0.1313,2318525.55,17521334
1554595200,2019-04-07 00:00:00,XLM/USD,0.1252,0.1357,0.1235,0.1335,2607967.71,20086336
1554508800,2019-04-06 00:00:00,XLM/USD,0.1282,0.13,0.1217,0.1252,1675911.86,13268892
1554422400,2019-04-05 00:00:00,XLM/USD,0.1177,0.131,0.1177,0.1282,2802793.13,22227569
1554336000,2019-04-04 00:00:00,XLM/USD,0.121,0.1258,0.1138,0.1177,2111334.59,17624798
1554249600,2019-04-03 00:00:00,XLM/USD,0.1225,0.139,0.11,0.121,5635957.14,44273239
1554163200,2019-04-02 00:00:00,XLM/USD,0.1103,0.1241,0.11,0.1225,3659738.35,31001423
1554076800,2019-04-01 00:00:00,XLM/USD,0.1084,0.1145,0.1072,0.1103,1297299.96,11784040
1553990400,2019-03-31 00:00:00,XLM/USD,0.1069,0.1085,0.106,0.1084,537698.7,5014271
1553904000,2019-03-30 00:00:00,XLM/USD,0.1074,0.1075,0.1042,0.1069,684036.0,6436140
1553817600,2019-03-29 00:00:00,XLM/USD,0.1063,0.1086,0.1052,0.1074,1265210.32,11843338
1553731200,2019-03-28 00:00:00,XLM/USD,0.1074,0.1079,0.103,0.1063,1094583.23,10364384
1553644800,2019-03-27 00:00:00,XLM/USD,0.1021,0.108,0.1015,0.1074,1550087.6,14667560
1553558400,2019-03-26 00:00:00,XLM/USD,0.09967,0.1055,0.096,0.1021,1208526.58,12065388
1553472000,2019-03-25 00:00:00,XLM/USD,0.104,0.1044,0.09825,0.09967,1274252.79,12532008
1553385600,2019-03-24 00:00:00,XLM/USD,0.1066,0.1081,0.103,0.104,958908.18,9142958
1553299200,2019-03-23 00:00:00,XLM/USD,0.1083,0.11,0.1055,0.1066,1354050.21,12620557
1553212800,2019-03-22 00:00:00,XLM/USD,0.1061,0.11,0.1056,0.1083,945502.84,8720479
