unix,date,symbol,open,high,low,close,Volume BCH,Volume USD
1599609600,2020-09-09 00:00:00,BCH/USD,222.28,224.1,218.53,222.64,840773.59,3806.41
1599523200,2020-09-08 00:00:00,BCH/USD,228.78,230.47,215.9,222.28,5037488.62,22526.33
1599436800,2020-09-07 00:00:00,BCH/USD,227.69,229.88,215.78,228.78,6226370.73,27795.53
1599350400,2020-09-06 00:00:00,BCH/USD,225.74,233.26,219.2,227.69,5232916.02,23027.0
1599264000,2020-09-05 00:00:00,BCH/USD,230.93,234.96,214.5,225.74,13992453.13,62468.0
1599177600,2020-09-04 00:00:00,BCH/USD,225.43,239.92,213.44,230.93,12311597.43,53898.69
1599091200,2020-09-03 00:00:00,BCH/USD,264.34,266.6,203.93,225.43,13894583.76,57168.43
1599004800,2020-09-02 00:00:00,BCH/USD,292.18,295.33,246.0,264.34,13360879.02,49566.23
1598918400,2020-09-01 00:00:00,BCH/USD,273.62,297.12,268.87,292.18,10189428.24,36104.83
1598832000,2020-08-31 00:00:00,BCH/USD,279.5,281.51,272.98,273.62,5714395.92,20647.69
1598745600,2020-08-30 00:00:00,BCH/USD,268.29,279.5,267.88,279.5,4530660.49,16500.16
1598659200,2020-08-29 00:00:00,BCH/USD,268.69,272.83,265.96,268.29,4316364.13,16020.5
1598572800,2020-08-28 00:00:00,BCH/USD,264.68,272.14,261.19,268.69,5129664.5,19147.33
1598486400,2020-08-27 00:00:00,BCH/USD,274.85,277.19,258.44,264.68,6017651.32,22584.75
1598400000,2020-08-26 00:00:00,BCH/USD,275.59,279.11,271.42,274.85,4928482.5,17868.12
1598313600,2020-08-25 00:00:00,BCH/USD,290.8,291.59,269.0,275.59,7575022.25,27307.85
1598227200,2020-08-24 00:00:00,BCH/USD,284.73,294.85,282.2,290.8,6175363.75,21310.05
1598140800,2020-08-23 00:00:00,BCH/USD,286.75,288.39,279.0,284.73,3299401.25,11621.67
1598054400,2020-08-22 00:00:00,BCH/USD,282.87,287.9,276.04,286.75,6469149.27,22859.64
1597968000,2020-08-21 00:00:00,BCH/USD,294.75,305.43,281.33,282.87,11403231.79,39048.2
1597881600,2020-08-20 00:00:00,BCH/USD,292.71,296.42,288.73,294.75,7623242.15,26032.83
1597795200,2020-08-19 00:00:00,BCH/USD,303.6,309.3,281.02,292.71,11603964.79,39513.99
1597708800,2020-08-18 00:00:00,BCH/USD,318.31,325.36,300.76,303.6,14098275.88,45172.9
1597622400,2020-08-17 00:00:00,BCH/USD,308.36,325.95,301.27,318.31,19573421.63,62031.59
1597536000,2020-08-16 00:00:00,BCH/USD,302.3,313.95,294.04,308.36,14331076.77,46952.71
1597449600,2020-08-15 00:00:00,BCH/USD,293.74,309.06,291.0,302.3,15311603.92,50919.38
1597363200,2020-08-14 00:00:00,BCH/USD,296.15,298.5,287.3,293.74,9365845.24,31865.88
1597276800,2020-08-13 00:00:00,BCH/USD,284.7,297.74,274.37,296.15,10751069.02,37668.93
1597190400,2020-08-12 00:00:00,BCH/USD,281.71,290.4,271.0,284.7,10873782.1,38289.48
1597104000,2020-08-11 00:00:00,BCH/USD,302.71,305.97,269.69,281.71,14015956.66,48832.87
1597017600,2020-08-10 00:00:00,BCH/USD,300.14,309.99,285.8,302.71,9867623.1,32595.92
1596931200,2020-08-09 00:00:00,BCH/USD,305.4,309.86,291.61,300.14,8075191.55,26834.93
1596844800,2020-08-08 00:00:00,BCH/USD,302.61,309.85,297.87,305.4,7586381.12,25014.69
1596758400,2020-08-07 00:00:00,BCH/USD,309.28,326.73,278.0,302.61,22424513.05,72298.35
1596672000,2020-08-06 00:00:00,BCH/USD,293.97,319.91,287.57,309.28,15268789.06,49816.52
1596585600,2020-08-05 00:00:00,BCH/USD,288.08,299.0,283.99,293.97,9602410.79,32740.0
1596499200,2020-08-04 00:00:00,BCH/USD,297.08,303.23,281.51,288.08,10362205.03,35570.25
1596412800,2020-08-03 00:00:00,BCH/USD,283.82,304.96,279.59,297.08,12507286.89,42627.7
1596326400,2020-08-02 00:00:00,BCH/USD,319.98,338.49,245.0,283.82,33504872.67,114582.59
1596240000,2020-08-01 00:00:00,BCH/USD,301.21,321.9,298.37,319.98,19353476.5,62067.04
1596153600,2020-07-31 00:00:00,BCH/USD,292.0,306.73,287.41,301.21,11733096.92,39478.45
1596067200,2020-07-30 00:00:00,BCH/USD,287.87,300.77,280.91,292.0,11638251.88,40369.81
1595980800,2020-07-29 00:00:00,BCH/USD,289.63,294.99,284.87,287.87,11297172.17,38979.13
1595894400,2020-07-28 00:00:00,BCH/USD,268.91,297.92,261.68,289.63,24179920.45,85548.65
1595808000,2020-07-27 00:00:00,BCH/USD,247.78,275.81,247.38,268.91,21954274.79,83557.19
1595721600,2020-07-26 00:00:00,BCH/USD,251.47,257.92,244.38,247.78,7700033.4,30751.51
1595635200,2020-07-25 00:00:00,BCH/USD,235.37,253.92,235.11,251.47,9602300.33,39018.11
1595548800,2020-07-24 00:00:00,BCH/USD,238.56,239.45,232.63,235.37,4628260.83,19584.32
1595462400,2020-07-23 00:00:00,BCH/USD,240.2,243.77,235.0,238.56,5918714.61,24752.12
1595376000,2020-07-22 00:00:00,BCH/USD,230.62,240.36,227.75,240.2,6648015.5,28429.44
1595289600,2020-07-21 00:00:00,BCH/USD,222.8,232.6,222.3,230.62,3925966.68,17152.39
1595203200,2020-07-20 00:00:00,BCH/USD,227.87,228.6,220.9,222.8,2870961.46,12780.02
1595116800,2020-07-19 00:00:00,BCH/USD,224.35,228.9,220.3,227.87,2318668.94,10307.78
1595030400,2020-07-18 00:00:00,BCH/USD,222.52,226.63,221.75,224.35,2298181.95,10241.82
1594944000,2020-07-17 00:00:00,BCH/USD,224.14,225.27,221.71,222.52,2819344.77,12629.5
1594857600,2020-07-16 00:00:00,BCH/USD,227.23,227.93,216.66,224.14,4303548.09,19337.27
1594771200,2020-07-15 00:00:00,BCH/USD,230.05,230.69,225.7,227.23,3373256.81,14790.14
1594684800,2020-07-14 00:00:00,BCH/USD,231.99,231.99,226.45,230.05,3276130.12,14284.21
1594598400,2020-07-13 00:00:00,BCH/USD,237.57,237.86,223.75,231.99,7319704.6,31329.03
1594512000,2020-07-12 00:00:00,BCH/USD,236.62,239.29,232.0,237.57,2563375.51,10852.79
1594425600,2020-07-11 00:00:00,BCH/USD,238.27,239.26,234.61,236.62,2117942.53,8937.14
1594339200,2020-07-10 00:00:00,BCH/USD,238.15,240.0,232.49,238.27,3254318.23,13752.54
1594252800,2020-07-09 00:00:00,BCH/USD,243.3,245.53,232.78,238.15,4901640.79,20451.31
1594166400,2020-07-08 00:00:00,BCH/USD,237.77,245.97,236.04,243.3,5542303.17,22862.12
1594080000,2020-07-07 00:00:00,BCH/USD,242.29,244.5,235.0,237.77,4409962.21,18468.24
1593993600,2020-07-06 00:00:00,BCH/USD,222.11,243.39,221.8,242.29,9710525.52,41164.79
1593907200,2020-07-05 00:00:00,BCH/USD,225.39,225.92,215.73,222.11,2637914.6,11948.3
1593820800,2020-07-04 00:00:00,BCH/USD,220.66,230.0,220.17,225.39,2938693.47,13126.91
1593734400,2020-07-03 00:00:00,BCH/USD,219.65,224.98,219.15,220.66,3202880.37,14441.37
1593648000,2020-07-02 00:00:00,BCH/USD,223.73,225.6,217.3,219.65,3772952.11,17038.21
1593561600,2020-07-01 00:00:00,BCH/USD,221.98,226.37,221.09,223.73,1058338.1,4720.98
1593475200,2020-06-30 00:00:00,BCH/USD,225.09,226.04,220.4,221.98,3199391.93,14344.44
1593388800,2020-06-29 00:00:00,BCH/USD,222.31,227.4,218.02,225.09,4332264.83,19448.0
1593302400,2020-06-28 00:00:00,BCH/USD,216.27,225.5,213.28,222.31,4306786.51,19502.62
1593216000,2020-06-27 00:00:00,BCH/USD,230.49,231.18,204.26,216.27,6166412.37,28335.99
1593129600,2020-06-26 00:00:00,BCH/USD,232.36,233.51,227.81,230.49,2784342.31,12082.92
1593043200,2020-06-25 00:00:00,BCH/USD,232.73,234.85,226.0,232.36,3394624.02,14657.88
1592956800,2020-06-24 00:00:00,BCH/USD,240.52,245.4,229.2,232.73,5106686.47,21556.27
1592870400,2020-06-23 00:00:00,BCH/USD,241.03,244.3,239.05,240.52,3275635.86,13579.13
1592784000,2020-06-22 00:00:00,BCH/USD,230.05,244.02,229.49,241.03,4672630.37,19594.21
1592697600,2020-06-21 00:00:00,BCH/USD,232.68,233.86,229.5,230.05,1807310.69,7778.8
1592611200,2020-06-20 00:00:00,BCH/USD,233.1,234.78,228.41,232.68,3125285.16,13480.23
1592524800,2020-06-19 00:00:00,BCH/USD,235.93,236.22,230.23,233.1,2919222.27,12505.05
1592438400,2020-06-18 00:00:00,BCH/USD,240.15,240.41,232.17,235.93,2921413.64,12323.2
1592352000,2020-06-17 00:00:00,BCH/USD,237.49,242.94,235.13,240.15,4430262.52,18570.17
1592265600,2020-06-16 00:00:00,BCH/USD,235.72,239.3,232.81,237.49,3833989.74,16216.79
1592179200,2020-06-15 00:00:00,BCH/USD,237.21,238.51,224.22,235.72,7193486.84,30953.7
1592092800,2020-06-14 00:00:00,BCH/USD,240.62,240.86,235.0,237.21,2735942.1,11483.1
1592006400,2020-06-13 00:00:00,BCH/USD,240.72,242.28,237.33,240.62,2481704.13,10342.94
1591920000,2020-06-12 00:00:00,BCH/USD,234.59,243.57,233.0,240.72,5206210.0,21736.58
1591833600,2020-06-11 00:00:00,BCH/USD,257.19,258.33,230.63,234.59,10051683.45,41336.01
1591747200,2020-06-10 00:00:00,BCH/USD,254.16,259.02,250.65,257.19,5649690.48,22144.4
1591660800,2020-06-09 00:00:00,BCH/USD,255.27,257.19,250.38,254.16,3889931.32,15360.15
1591574400,2020-06-08 00:00:00,BCH/USD,253.59,256.63,251.48,255.27,4006623.98,15789.01
1591488000,2020-06-07 00:00:00,BCH/USD,253.22,255.7,245.43,253.59,4697656.9,18730.98
1591401600,2020-06-06 00:00:00,BCH/USD,255.98,258.0,250.97,253.22,3886086.39,15295.45
1591315200,2020-06-05 00:00:00,BCH/USD,256.24,263.5,254.32,255.98,6228518.35,24115.24
1591228800,2020-06-04 00:00:00,BCH/USD,253.06,260.43,252.0,256.24,5446452.2,21263.43
1591142400,2020-06-03 00:00:00,BCH/USD,250.97,253.2,246.25,253.06,4512176.6,18049.17
1591056000,2020-06-02 00:00:00,BCH/USD,253.14,267.94,242.1,250.97,13898332.49,54323.85
1590969600,2020-06-01 00:00:00,BCH/USD,238.54,255.23,237.47,253.14,6481928.38,26307.38
1590883200,2020-05-31 00:00:00,BCH/USD,252.34,252.48,236.18,238.54,6240135.37,25370.96
1590796800,2020-05-30 00:00:00,BCH/USD,238.34,253.47,236.18,252.34,6957142.65,28362.04
1590710400,2020-05-29 00:00:00,BCH/USD,239.95,243.77,234.21,238.34,4435953.96,18568.27
1590624000,2020-05-28 00:00:00,BCH/USD,232.82,240.97,228.77,239.95,4873552.99,20718.83
1590537600,2020-05-27 00:00:00,BCH/USD,227.99,234.54,227.06,232.82,2976622.63,12903.06
1590451200,2020-05-26 00:00:00,BCH/USD,230.38,231.43,223.98,227.99,3590928.67,15755.74
1590364800,2020-05-25 00:00:00,BCH/USD,222.5,233.07,221.01,230.38,4438610.65,19371.97
1590278400,2020-05-24 00:00:00,BCH/USD,234.24,237.51,222.5,222.5,4174458.12,18160.88
1590192000,2020-05-23 00:00:00,BCH/USD,234.73,240.05,232.31,234.24,3798055.93,16125.92
1590105600,2020-05-22 00:00:00,BCH/USD,228.0,236.74,225.01,234.73,6561697.37,28295.43
1590019200,2020-05-21 00:00:00,BCH/USD,239.61,242.79,220.27,228.0,11280000.52,48742.79
1589932800,2020-05-20 00:00:00,BCH/USD,246.94,247.61,234.01,239.61,7135506.69,29556.41
1589846400,2020-05-19 00:00:00,BCH/USD,248.14,250.79,242.38,246.94,5975879.86,24307.67
1589760000,2020-05-18 00:00:00,BCH/USD,240.68,255.55,240.44,248.14,11969251.91,48198.77
1589673600,2020-05-17 00:00:00,BCH/USD,236.57,245.96,235.67,240.68,4814003.99,19968.03
1589587200,2020-05-16 00:00:00,BCH/USD,234.85,240.65,233.43,236.57,4770697.93,20102.58
1589500800,2020-05-15 00:00:00,BCH/USD,242.68,243.4,230.0,234.85,7481963.2,31524.89
1589414400,2020-05-14 00:00:00,BCH/USD,239.78,245.96,234.2,242.68,9165975.78,38101.52
1589328000,2020-05-13 00:00:00,BCH/USD,233.55,242.3,231.98,239.78,5699402.03,24039.71
1589241600,2020-05-12 00:00:00,BCH/USD,235.6,239.52,227.32,233.55,9107461.74,38848.61
1589155200,2020-05-11 00:00:00,BCH/USD,233.15,238.7,217.83,235.6,17187278.3,74804.92
1589068800,2020-05-10 00:00:00,BCH/USD,265.31,265.7,223.52,233.15,24525778.98,103417.52
1588982400,2020-05-09 00:00:00,BCH/USD,260.6,277.44,258.45,265.31,20287126.42,75373.61
1588896000,2020-05-08 00:00:00,BCH/USD,252.54,265.79,248.54,260.6,12834942.44,49661.84
1588809600,2020-05-07 00:00:00,BCH/USD,241.96,256.85,236.87,252.54,11324343.12,45679.6
1588723200,2020-05-06 00:00:00,BCH/USD,247.27,253.93,240.03,241.96,7218521.72,29085.92
1588636800,2020-05-05 00:00:00,BCH/USD,246.16,252.45,241.26,247.27,5429216.91,22000.14
1588550400,2020-05-04 00:00:00,BCH/USD,251.97,252.74,236.66,246.16,9543047.55,39152.15
1588464000,2020-05-03 00:00:00,BCH/USD,261.26,267.85,246.27,251.97,11108737.21,43444.88
1588377600,2020-05-02 00:00:00,BCH/USD,255.01,261.5,252.39,261.26,5020854.41,19567.93
1588291200,2020-05-01 00:00:00,BCH/USD,250.1,260.59,250.0,255.01,7648677.73,29979.14
1588204800,2020-04-30 00:00:00,BCH/USD,257.83,275.95,245.31,250.1,25237821.9,96738.18
1588118400,2020-04-29 00:00:00,BCH/USD,241.65,263.71,241.42,257.83,20562623.72,80897.34
1588032000,2020-04-28 00:00:00,BCH/USD,243.0,243.6,237.5,241.65,5438277.25,22624.29
1587945600,2020-04-27 00:00:00,BCH/USD,246.72,248.2,234.23,243.0,9162245.76,37949.38
1587859200,2020-04-26 00:00:00,BCH/USD,238.26,249.49,237.71,246.72,7478766.13,30814.75
1587772800,2020-04-25 00:00:00,BCH/USD,238.02,245.7,235.15,238.26,6090592.62,25394.16
1587686400,2020-04-24 00:00:00,BCH/USD,237.7,242.46,234.67,238.02,5561277.25,23311.64
1587600000,2020-04-23 00:00:00,BCH/USD,233.25,247.32,225.97,237.7,14247922.29,60022.43
1587513600,2020-04-22 00:00:00,BCH/USD,219.77,236.26,217.79,233.25,6577723.29,28717.39
1587427200,2020-04-21 00:00:00,BCH/USD,219.36,223.8,215.8,219.77,7775251.29,35293.07
1587340800,2020-04-20 00:00:00,BCH/USD,231.74,238.69,215.74,219.36,13077636.0,57678.77
1587254400,2020-04-19 00:00:00,BCH/USD,244.1,245.23,229.29,231.74,8273067.74,34806.12
1587168000,2020-04-18 00:00:00,BCH/USD,232.23,249.21,231.91,244.1,10879485.21,45266.58
1587081600,2020-04-17 00:00:00,BCH/USD,235.19,237.25,229.58,232.23,7304749.23,31300.25
1586995200,2020-04-16 00:00:00,BCH/USD,215.16,240.44,206.26,235.19,19136458.93,84488.94
1586908800,2020-04-15 00:00:00,BCH/USD,223.41,225.5,213.77,215.16,6244709.52,28264.63
1586822400,2020-04-14 00:00:00,BCH/USD,224.42,228.96,220.19,223.41,7420575.11,33002.1
1586736000,2020-04-13 00:00:00,BCH/USD,233.65,233.65,216.0,224.42,15263709.44,68309.68
1586649600,2020-04-12 00:00:00,BCH/USD,233.38,245.65,227.37,233.65,8560663.06,36221.94
1586563200,2020-04-11 00:00:00,BCH/USD,233.16,241.59,222.2,233.38,10511096.92,45341.27
1586476800,2020-04-10 00:00:00,BCH/USD,256.37,259.43,226.01,233.16,22734429.57,95168.76
1586390400,2020-04-09 00:00:00,BCH/USD,267.38,275.15,253.24,256.37,15213875.7,58066.72
1586304000,2020-04-08 00:00:00,BCH/USD,252.59,281.23,249.86,267.38,31122245.95,116171.96
1586217600,2020-04-07 00:00:00,BCH/USD,258.41,265.95,246.69,252.59,14753433.45,57538.99
1586131200,2020-04-06 00:00:00,BCH/USD,231.42,259.8,231.25,258.41,14508285.11,58729.13
1586044800,2020-04-05 00:00:00,BCH/USD,238.57,240.35,224.73,231.42,6678304.17,28665.89
1585958400,2020-04-04 00:00:00,BCH/USD,236.29,242.95,232.34,238.57,5056724.82,21357.2
1585872000,2020-04-03 00:00:00,BCH/USD,232.11,242.2,230.56,236.29,7860873.3,33232.18
1585785600,2020-04-02 00:00:00,BCH/USD,224.28,249.94,222.61,232.11,15649048.72,66987.9
1585699200,2020-04-01 00:00:00,BCH/USD,219.0,225.26,210.5,224.28,6976795.43,32011.71
1585612800,2020-03-31 00:00:00,BCH/USD,220.41,224.32,216.0,219.0,6398576.42,29016.88
1585526400,2020-03-30 00:00:00,BCH/USD,205.45,227.23,205.24,220.41,9268103.88,42413.4
1585440000,2020-03-29 00:00:00,BCH/USD,214.29,218.51,204.0,205.45,7501002.42,35630.96
1585353600,2020-03-28 00:00:00,BCH/USD,213.88,217.72,203.15,214.29,11471717.57,54746.26
1585267200,2020-03-27 00:00:00,BCH/USD,228.81,236.09,204.33,213.88,14643480.97,64830.22
1585180800,2020-03-26 00:00:00,BCH/USD,220.94,229.49,218.05,228.81,9883842.42,44070.47
1585094400,2020-03-25 00:00:00,BCH/USD,228.03,231.24,213.34,220.94,10864412.79,49066.59
1585008000,2020-03-24 00:00:00,BCH/USD,222.44,231.0,218.29,228.03,13381541.92,59400.63
1584921600,2020-03-23 00:00:00,BCH/USD,202.75,228.98,198.27,222.44,17805303.73,83348.19
1584835200,2020-03-22 00:00:00,BCH/USD,220.18,233.19,200.16,202.75,15733365.83,73943.93
1584748800,2020-03-21 00:00:00,BCH/USD,214.51,228.93,206.42,220.18,14711724.77,67540.3
1584662400,2020-03-20 00:00:00,BCH/USD,221.79,246.0,189.41,214.51,29493496.81,132811.36
1584576000,2020-03-19 00:00:00,BCH/USD,185.38,235.22,177.57,221.79,30005967.27,142646.2
1584489600,2020-03-18 00:00:00,BCH/USD,183.37,186.58,169.45,185.38,11506279.22,64010.19
1584403200,2020-03-17 00:00:00,BCH/USD,173.26,189.78,169.38,183.37,19451125.31,107136.17
1584316800,2020-03-16 00:00:00,BCH/USD,177.47,184.14,147.0,173.26,24087218.06,145305.41
1584230400,2020-03-15 00:00:00,BCH/USD,166.89,192.0,164.63,177.47,16146841.43,91135.84
1584144000,2020-03-14 00:00:00,BCH/USD,180.12,185.23,163.4,166.89,13144781.49,76343.65
1584057600,2020-03-13 00:00:00,BCH/USD,146.18,200.0,133.67,180.12,48136287.91,286032.23
1583971200,2020-03-12 00:00:00,BCH/USD,267.11,267.95,141.13,146.18,45503635.59,236722.17
1583884800,2020-03-11 00:00:00,BCH/USD,271.57,274.97,250.2,267.11,11004415.66,41811.07
1583798400,2020-03-10 00:00:00,BCH/USD,273.05,278.51,262.48,271.57,10678451.24,39351.73
1583712000,2020-03-09 00:00:00,BCH/USD,274.19,286.0,252.33,273.05,25352602.64,94491.02
1583625600,2020-03-08 00:00:00,BCH/USD,331.3,331.3,269.0,274.19,22780850.71,77260.23
1583539200,2020-03-07 00:00:00,BCH/USD,351.38,351.91,328.02,331.3,8022988.21,23598.73
1583452800,2020-03-06 00:00:00,BCH/USD,337.75,352.96,332.95,351.38,12933476.32,37435.72
1583366400,2020-03-05 00:00:00,BCH/USD,319.76,343.85,319.59,337.75,14260468.45,42552.54
1583280000,2020-03-04 00:00:00,BCH/USD,329.79,332.55,311.0,319.76,8822665.61,27366.4
1583193600,2020-03-03 00:00:00,BCH/USD,339.69,339.8,319.3,329.79,10356704.99,31458.09
1583107200,2020-03-02 00:00:00,BCH/USD,311.65,344.49,309.79,339.69,15448942.71,46861.79
1583020800,2020-03-01 00:00:00,BCH/USD,305.96,324.8,303.29,311.65,10102406.42,32191.05
1582934400,2020-02-29 00:00:00,BCH/USD,316.03,322.77,305.42,305.96,7079925.51,22575.1
1582848000,2020-02-28 00:00:00,BCH/USD,324.2,329.76,298.74,316.03,11931658.6,38147.83
1582761600,2020-02-27 00:00:00,BCH/USD,316.5,335.52,306.51,324.2,14929730.92,46018.06
1582675200,2020-02-26 00:00:00,BCH/USD,352.36,361.79,301.1,316.5,23449603.8,72467.85
1582588800,2020-02-25 00:00:00,BCH/USD,377.64,379.39,345.08,352.36,13623201.47,37912.79
1582502400,2020-02-24 00:00:00,BCH/USD,402.63,409.66,363.64,377.64,15498047.29,40289.15
1582416000,2020-02-23 00:00:00,BCH/USD,373.99,405.98,373.19,402.63,9535171.02,24376.19
1582329600,2020-02-22 00:00:00,BCH/USD,378.15,380.85,367.62,373.99,5729728.67,15315.4
1582243200,2020-02-21 00:00:00,BCH/USD,371.66,389.81,366.7,378.15,11707714.39,30895.16
1582156800,2020-02-20 00:00:00,BCH/USD,379.22,387.56,352.4,371.66,21817125.02,58632.5
1582070400,2020-02-19 00:00:00,BCH/USD,421.11,424.88,370.0,379.22,18582439.62,46102.49
1581984000,2020-02-18 00:00:00,BCH/USD,413.0,428.09,386.7,421.11,20397820.09,49791.74
1581897600,2020-02-17 00:00:00,BCH/USD,411.59,417.2,367.77,413.0,29758826.78,75846.79
1581811200,2020-02-16 00:00:00,BCH/USD,439.03,458.4,380.77,411.59,26484936.52,63510.23
1581724800,2020-02-15 00:00:00,BCH/USD,494.59,496.0,420.0,439.03,22214226.52,48957.71
1581638400,2020-02-14 00:00:00,BCH/USD,476.99,497.53,466.0,494.59,13951126.36,28743.29
1581552000,2020-02-13 00:00:00,BCH/USD,474.43,486.96,459.17,476.99,17404855.58,36819.54
1581465600,2020-02-12 00:00:00,BCH/USD,463.85,483.24,463.8,474.43,20677068.61,43624.96
1581379200,2020-02-11 00:00:00,BCH/USD,453.09,470.91,440.61,463.85,17099048.88,37480.75
1581292800,2020-02-10 00:00:00,BCH/USD,450.74,463.0,436.0,453.09,14694671.33,32734.22
1581206400,2020-02-09 00:00:00,BCH/USD,444.98,461.36,434.23,450.74,13273798.96,29448.54
1581120000,2020-02-08 00:00:00,BCH/USD,439.39,454.6,422.17,444.98,11293573.33,25561.91
1581033600,2020-02-07 00:00:00,BCH/USD,444.99,459.49,431.42,439.39,13087138.12,29607.01
1580947200,2020-02-06 00:00:00,BCH/USD,444.68,448.38,417.61,444.99,20803020.55,47499.56
1580860800,2020-02-05 00:00:00,BCH/USD,379.59,445.1,377.55,444.68,26119915.47,62139.49
1580774400,2020-02-04 00:00:00,BCH/USD,383.86,389.04,371.92,379.59,8302656.51,21850.64
1580688000,2020-02-03 00:00:00,BCH/USD,377.22,392.19,374.16,383.86,11100048.97,29024.72
1580601600,2020-02-02 00:00:00,BCH/USD,379.98,387.4,368.24,377.22,8579886.64,22629.09
1580515200,2020-02-01 00:00:00,BCH/USD,374.49,388.88,371.96,379.98,10027655.55,26358.82
1580428800,2020-01-31 00:00:00,BCH/USD,391.99,394.76,363.0,374.49,14535534.13,38638.57
1580342400,2020-01-30 00:00:00,BCH/USD,379.65,396.0,369.55,391.99,16410088.74,42582.83
1580256000,2020-01-29 00:00:00,BCH/USD,379.34,395.85,375.17,379.65,20803292.83,54124.56
1580169600,2020-01-28 00:00:00,BCH/USD,362.04,384.49,359.52,379.34,22771879.63,61537.96
1580083200,2020-01-27 00:00:00,BCH/USD,347.19,376.6,346.78,362.04,21292465.06,58512.45
1579996800,2020-01-26 00:00:00,BCH/USD,309.73,348.77,306.75,347.19,13592823.85,40971.38
1579910400,2020-01-25 00:00:00,BCH/USD,318.38,318.57,304.73,309.73,8524755.81,27488.0
1579824000,2020-01-24 00:00:00,BCH/USD,324.59,327.0,296.69,318.38,16857170.69,53746.04
1579737600,2020-01-23 00:00:00,BCH/USD,348.39,348.85,315.0,324.59,14963233.08,45312.72
1579651200,2020-01-22 00:00:00,BCH/USD,342.97,354.53,338.49,348.39,8721221.11,25277.04
1579564800,2020-01-21 00:00:00,BCH/USD,342.94,347.0,331.74,342.97,8781450.44,25807.54
1579478400,2020-01-20 00:00:00,BCH/USD,339.04,354.42,322.38,342.94,15728355.94,46402.22
1579392000,2020-01-19 00:00:00,BCH/USD,339.49,365.7,320.26,339.04,26364017.09,77300.25
1579305600,2020-01-18 00:00:00,BCH/USD,367.24,405.0,330.0,339.49,55546395.27,152136.82
1579219200,2020-01-17 00:00:00,BCH/USD,326.76,383.0,319.4,367.24,38169655.65,108059.07
1579132800,2020-01-16 00:00:00,BCH/USD,339.4,342.4,309.46,326.76,19407442.55,60135.24
1579046400,2020-01-15 00:00:00,BCH/USD,348.58,362.28,312.07,339.4,46603539.72,138077.95
1578960000,2020-01-14 00:00:00,BCH/USD,267.01,368.32,267.0,348.58,70986950.37,221082.27
1578873600,2020-01-13 00:00:00,BCH/USD,270.6,273.0,260.78,267.01,3798270.02,14301.0
1578787200,2020-01-12 00:00:00,BCH/USD,260.96,271.48,258.03,270.6,3583718.94,13510.93
1578700800,2020-01-11 00:00:00,BCH/USD,271.83,279.56,258.31,260.96,10426911.64,38720.84
1578614400,2020-01-10 00:00:00,BCH/USD,237.65,274.98,231.11,271.83,16488286.26,64509.85
1578528000,2020-01-09 00:00:00,BCH/USD,239.82,243.92,231.14,237.65,4251841.38,17973.84
1578441600,2020-01-08 00:00:00,BCH/USD,242.8,255.1,229.73,239.82,11205226.32,46474.62
1578355200,2020-01-07 00:00:00,BCH/USD,244.47,247.64,232.12,242.8,8933988.72,37008.83
1578268800,2020-01-06 00:00:00,BCH/USD,222.71,247.0,222.05,244.47,8547355.16,36223.66
1578182400,2020-01-05 00:00:00,BCH/USD,224.31,227.48,219.75,222.71,3057158.88,13646.98
1578096000,2020-01-04 00:00:00,BCH/USD,221.16,226.98,215.5,224.31,5989223.3,26987.28
1578009600,2020-01-03 00:00:00,BCH/USD,194.97,225.6,191.48,221.16,10935776.26,51956.78
1577923200,2020-01-02 00:00:00,BCH/USD,203.59,204.67,192.38,194.97,4203549.49,21230.94
1577836800,2020-01-01 00:00:00,BCH/USD,203.65,208.25,202.26,203.59,2000315.84,9741.12
1577750400,2019-12-31 00:00:00,BCH/USD,207.72,213.43,200.57,203.65,2905359.95,14044.44
1577664000,2019-12-30 00:00:00,BCH/USD,212.14,214.42,204.89,207.72,2134224.57,10196.12
1577577600,2019-12-29 00:00:00,BCH/USD,205.69,215.8,204.2,212.14,3486996.21,16520.47
1577491200,2019-12-28 00:00:00,BCH/USD,202.97,209.7,202.44,205.69,2981712.27,14422.55
1577404800,2019-12-27 00:00:00,BCH/USD,187.55,204.34,186.55,202.97,6726010.61,33845.19
1577318400,2019-12-26 00:00:00,BCH/USD,185.15,194.33,183.84,187.55,2105686.27,11147.53
1577232000,2019-12-25 00:00:00,BCH/USD,188.35,188.77,182.58,185.15,1533860.66,8277.97
1577145600,2019-12-24 00:00:00,BCH/USD,189.6,191.49,185.1,188.35,1560746.72,8282.71
1577059200,2019-12-23 00:00:00,BCH/USD,196.55,198.25,187.36,189.6,2251247.46,11620.35
1576972800,2019-12-22 00:00:00,BCH/USD,186.16,197.65,185.87,196.55,2283001.34,11903.41
1576886400,2019-12-21 00:00:00,BCH/USD,187.3,188.33,185.59,186.16,950604.7,5088.92
1576800000,2019-12-20 00:00:00,BCH/USD,186.06,190.64,183.57,187.3,2265327.6,12125.39
1576713600,2019-12-19 00:00:00,BCH/USD,188.71,190.67,182.55,186.06,4832872.88,25935.74
1576627200,2019-12-18 00:00:00,BCH/USD,176.53,191.87,170.03,188.71,8137717.19,44773.36
1576540800,2019-12-17 00:00:00,BCH/USD,195.95,196.75,171.0,176.53,6709581.57,36607.07
1576454400,2019-12-16 00:00:00,BCH/USD,206.84,207.69,193.6,195.95,6402068.37,32271.58
1576368000,2019-12-15 00:00:00,BCH/USD,205.85,209.79,205.0,206.84,1642044.26,7920.89
1576281600,2019-12-14 00:00:00,BCH/USD,211.52,213.2,204.61,205.85,1257647.54,6026.74
1576195200,2019-12-13 00:00:00,BCH/USD,206.37,212.46,205.94,211.52,1809288.65,8627.74
1576108800,2019-12-12 00:00:00,BCH/USD,206.7,207.94,203.52,206.37,1621620.08,7878.81
1576022400,2019-12-11 00:00:00,BCH/USD,206.8,208.16,204.01,206.7,1291224.42,6258.75
1575936000,2019-12-10 00:00:00,BCH/USD,208.39,209.04,203.68,206.8,2841021.83,13745.08
1575849600,2019-12-09 00:00:00,BCH/USD,212.71,215.35,205.87,208.39,2105366.9,10024.51
1575763200,2019-12-08 00:00:00,BCH/USD,211.38,215.35,208.49,212.71,1361115.91,6413.73
1575676800,2019-12-07 00:00:00,BCH/USD,213.24,216.59,210.2,211.38,1606813.44,7530.98
1575590400,2019-12-06 00:00:00,BCH/USD,211.6,214.13,209.0,213.24,2331533.69,11007.07
1575504000,2019-12-05 00:00:00,BCH/USD,207.62,214.47,205.37,211.6,2994767.71,14278.58
1575417600,2019-12-04 00:00:00,BCH/USD,211.8,220.64,203.0,207.62,5619517.61,26731.32
1575331200,2019-12-03 00:00:00,BCH/USD,214.01,216.19,210.97,211.8,2743629.76,12863.74
1575244800,2019-12-02 00:00:00,BCH/USD,214.36,216.5,209.51,214.01,2383348.92,11164.03
1575158400,2019-12-01 00:00:00,BCH/USD,218.01,218.18,206.5,214.36,2778770.4,13036.6
1575072000,2019-11-30 00:00:00,BCH/USD,224.39,225.18,214.79,218.01,2613821.69,11891.54
1574985600,2019-11-29 00:00:00,BCH/USD,218.09,227.04,217.48,224.39,3644657.61,16327.29
1574899200,2019-11-28 00:00:00,BCH/USD,219.83,222.78,216.5,218.09,3945952.88,17969.64
1574812800,2019-11-27 00:00:00,BCH/USD,211.15,225.89,203.61,219.83,8385891.08,38714.09
1574726400,2019-11-26 00:00:00,BCH/USD,207.9,215.0,207.4,211.15,5159859.79,24475.73
1574640000,2019-11-25 00:00:00,BCH/USD,202.43,216.5,192.1,207.9,12121966.89,59091.48
1574553600,2019-11-24 00:00:00,BCH/USD,215.37,216.77,200.46,202.43,4594762.44,22124.03
1574467200,2019-11-23 00:00:00,BCH/USD,208.5,218.74,203.54,215.37,7905969.79,37653.97
1574380800,2019-11-22 00:00:00,BCH/USD,226.0,229.37,195.15,208.5,14999039.01,71442.27
1574294400,2019-11-21 00:00:00,BCH/USD,243.01,246.35,216.9,226.0,8756212.37,38191.04
1574208000,2019-11-20 00:00:00,BCH/USD,241.69,248.22,237.35,243.01,3726479.49,15387.6
1574121600,2019-11-19 00:00:00,BCH/USD,245.88,247.89,232.69,241.69,6637875.21,27636.18
1574035200,2019-11-18 00:00:00,BCH/USD,265.99,265.99,237.5,245.88,6814919.41,27066.44
1573948800,2019-11-17 00:00:00,BCH/USD,265.09,270.27,260.11,265.99,2533709.96,9513.9
1573862400,2019-11-16 00:00:00,BCH/USD,262.65,267.68,261.22,265.09,2946448.63,11128.73
1573776000,2019-11-15 00:00:00,BCH/USD,277.17,279.0,257.98,262.65,7918958.6,29521.04
1573689600,2019-11-14 00:00:00,BCH/USD,284.92,286.16,272.0,277.17,8783226.1,31729.98
1573603200,2019-11-13 00:00:00,BCH/USD,289.15,289.51,281.23,284.92,3282686.72,11509.95
1573516800,2019-11-12 00:00:00,BCH/USD,286.41,291.61,280.51,289.15,4217316.77,14695.69
1573430400,2019-11-11 00:00:00,BCH/USD,292.74,297.21,280.75,286.41,4780770.56,16597.13
1573344000,2019-11-10 00:00:00,BCH/USD,282.52,301.72,279.0,292.74,6964840.99,24007.2
1573257600,2019-11-09 00:00:00,BCH/USD,276.91,283.81,275.55,282.52,3890844.02,13864.7
1573171200,2019-11-08 00:00:00,BCH/USD,291.72,295.0,269.1,276.91,7812268.8,27728.68
1573084800,2019-11-07 00:00:00,BCH/USD,305.42,306.45,285.86,291.72,6465911.79,21994.48
1572998400,2019-11-06 00:00:00,BCH/USD,293.3,308.21,291.41,305.42,8309797.86,27560.14
1572912000,2019-11-05 00:00:00,BCH/USD,291.13,298.79,286.2,293.3,5311356.69,18179.85
1572825600,2019-11-04 00:00:00,BCH/USD,291.64,295.0,284.26,291.13,6066558.16,20921.52
1572739200,2019-11-03 00:00:00,BCH/USD,290.04,304.48,282.51,291.64,6106335.67,20977.21
1572652800,2019-11-02 00:00:00,BCH/USD,278.98,296.74,278.32,290.04,6239969.43,21738.41
1572566400,2019-11-01 00:00:00,BCH/USD,283.2,283.57,269.85,278.98,6258984.68,22605.32
1572480000,2019-10-31 00:00:00,BCH/USD,289.01,293.87,269.64,283.2,9868669.51,34844.59
1572393600,2019-10-30 00:00:00,BCH/USD,289.73,306.85,282.43,289.01,12126352.64,41446.11
1572307200,2019-10-29 00:00:00,BCH/USD,264.0,299.06,263.64,289.73,16643130.91,58377.77
1572220800,2019-10-28 00:00:00,BCH/USD,261.46,276.28,258.55,264.0,10022692.05,37427.23
1572134400,2019-10-27 00:00:00,BCH/USD,253.17,273.45,246.26,261.46,12099928.11,46686.24
1572048000,2019-10-26 00:00:00,BCH/USD,258.69,285.0,241.53,253.17,16828188.91,64172.44
1571961600,2019-10-25 00:00:00,BCH/USD,212.27,273.49,212.11,258.69,16082042.83,64922.33
1571875200,2019-10-24 00:00:00,BCH/USD,210.29,218.01,206.39,212.27,4122880.26,19437.32
1571788800,2019-10-23 00:00:00,BCH/USD,227.1,227.86,197.72,210.29,7904110.71,37345.11
1571702400,2019-10-22 00:00:00,BCH/USD,232.56,234.39,225.69,227.1,3241119.68,14067.98
1571616000,2019-10-21 00:00:00,BCH/USD,224.99,236.82,223.57,232.56,5965428.58,25837.16
1571529600,2019-10-20 00:00:00,BCH/USD,213.45,226.9,211.0,224.99,3057073.23,13842.18
1571443200,2019-10-19 00:00:00,BCH/USD,212.26,216.0,210.61,213.45,1783138.04,8350.85
1571356800,2019-10-18 00:00:00,BCH/USD,220.34,220.54,207.57,212.26,2928303.63,13739.56
1571270400,2019-10-17 00:00:00,BCH/USD,217.07,221.0,214.02,220.34,2391381.07,10973.97
1571184000,2019-10-16 00:00:00,BCH/USD,222.38,226.32,213.9,217.07,3267261.25,14914.99
1571097600,2019-10-15 00:00:00,BCH/USD,228.03,229.15,217.07,222.38,3287130.88,14739.96
1571011200,2019-10-14 00:00:00,BCH/USD,223.23,230.97,222.68,228.03,2379686.1,10480.34
1570924800,2019-10-13 00:00:00,BCH/USD,224.52,228.56,220.43,223.23,1972993.56,8773.09
1570838400,2019-10-12 00:00:00,BCH/USD,221.07,228.04,220.88,224.52,2748816.25,12235.52
1570752000,2019-10-11 00:00:00,BCH/USD,230.31,235.49,219.1,221.07,4480766.51,19845.95
1570665600,2019-10-10 00:00:00,BCH/USD,239.01,240.3,229.26,230.31,3434108.77,14695.79
1570579200,2019-10-09 00:00:00,BCH/USD,231.54,242.0,228.27,239.01,5187904.06,21928.55
1570492800,2019-10-08 00:00:00,BCH/USD,232.97,239.59,227.27,231.54,3105440.56,13342.52
1570406400,2019-10-07 00:00:00,BCH/USD,220.47,237.97,218.78,232.97,4397192.64,19153.8
1570320000,2019-10-06 00:00:00,BCH/USD,223.31,223.91,215.0,220.47,2042239.88,9284.37
1570233600,2019-10-05 00:00:00,BCH/USD,221.76,223.8,218.31,223.31,1282131.85,5785.21
1570147200,2019-10-04 00:00:00,BCH/USD,222.64,225.4,217.93,221.76,2208975.55,9923.95
1570060800,2019-10-03 00:00:00,BCH/USD,225.42,225.93,216.08,222.64,2997614.72,13557.21
1569974400,2019-10-02 00:00:00,BCH/USD,223.73,226.0,220.56,225.42,3207532.13,14371.66
1569888000,2019-10-01 00:00:00,BCH/USD,227.65,235.78,219.11,223.73,6946383.07,30614.08
1569801600,2019-09-30 00:00:00,BCH/USD,218.17,231.0,212.33,227.65,6251530.41,27988.42
1569715200,2019-09-29 00:00:00,BCH/USD,227.7,228.11,212.0,218.17,5626489.42,25732.85
1569628800,2019-09-28 00:00:00,BCH/USD,220.65,231.37,217.91,227.7,5112623.52,22780.48
1569542400,2019-09-27 00:00:00,BCH/USD,214.11,223.46,208.05,220.65,7111406.08,33010.65
1569456000,2019-09-26 00:00:00,BCH/USD,227.9,228.0,201.66,214.11,15117527.61,70470.97
1569369600,2019-09-25 00:00:00,BCH/USD,246.26,248.58,214.79,227.9,20508831.22,90733.28
1569283200,2019-09-24 00:00:00,BCH/USD,292.06,293.12,234.11,246.26,18965996.44,72986.55
1569196800,2019-09-23 00:00:00,BCH/USD,306.75,307.81,290.14,292.06,5529832.72,18423.56
1569110400,2019-09-22 00:00:00,BCH/USD,311.69,311.75,302.14,306.75,2956146.08,9666.25
1569024000,2019-09-21 00:00:00,BCH/USD,315.75,318.55,309.11,311.69,2787303.68,8904.65
1568937600,2019-09-20 00:00:00,BCH/USD,323.8,325.25,307.38,315.75,5078504.73,16051.6
1568851200,2019-09-19 00:00:00,BCH/USD,324.04,324.9,301.73,323.8,9428115.67,30112.56
1568764800,2019-09-18 00:00:00,BCH/USD,318.18,333.93,318.14,324.04,8094541.75,24838.81
1568678400,2019-09-17 00:00:00,BCH/USD,307.92,328.0,305.18,318.18,10195733.34,32080.95
1568592000,2019-09-16 00:00:00,BCH/USD,303.3,309.75,300.04,307.92,3762247.55,12329.09
1568505600,2019-09-15 00:00:00,BCH/USD,304.97,307.75,301.07,303.3,2169004.62,7135.52
1568419200,2019-09-14 00:00:00,BCH/USD,298.83,307.55,296.56,304.97,3705188.81,12227.07
1568332800,2019-09-13 00:00:00,BCH/USD,300.17,300.69,295.01,298.83,2001602.12,6732.07
1568246400,2019-09-12 00:00:00,BCH/USD,299.15,302.09,295.0,300.17,2264846.91,7581.91
1568160000,2019-09-11 00:00:00,BCH/USD,303.61,306.91,291.49,299.15,4771661.21,15972.28
1568073600,2019-09-10 00:00:00,BCH/USD,304.14,310.97,298.28,303.61,4516538.98,14871.82
1567987200,2019-09-09 00:00:00,BCH/USD,306.59,313.29,297.51,304.14,5955448.19,19555.31
1567900800,2019-09-08 00:00:00,BCH/USD,300.06,311.28,293.57,306.59,7219485.01,23771.45
1567814400,2019-09-07 00:00:00,BCH/USD,287.1,305.5,284.42,300.06,5665995.66,19061.92
1567728000,2019-09-06 00:00:00,BCH/USD,292.76,302.7,278.6,287.1,6037023.44,20650.54
1567641600,2019-09-05 00:00:00,BCH/USD,294.71,296.08,285.72,292.76,3167435.79,10896.7
1567555200,2019-09-04 00:00:00,BCH/USD,300.82,301.77,292.0,294.71,3165086.71,10671.45
1567468800,2019-09-03 00:00:00,BCH/USD,293.95,306.37,293.4,300.82,5084088.94,16927.31
1567382400,2019-09-02 00:00:00,BCH/USD,281.9,295.87,280.32,293.95,4965327.82,17214.82
1567296000,2019-09-01 00:00:00,BCH/USD,279.37,284.81,273.34,281.9,2926567.09,10457.3
1567209600,2019-08-31 00:00:00,BCH/USD,278.59,287.99,270.41,279.37,4504072.63,16179.24
1567123200,2019-08-30 00:00:00,BCH/USD,279.78,283.76,270.17,278.59,4354438.74,15620.74
1567036800,2019-08-29 00:00:00,BCH/USD,292.42,292.42,274.94,279.78,6239983.92,22196.54
1566950400,2019-08-28 00:00:00,BCH/USD,307.99,309.31,282.34,292.42,5529433.51,18638.43
1566864000,2019-08-27 00:00:00,BCH/USD,310.88,313.12,302.85,307.99,3351885.54,10892.42
1566777600,2019-08-26 00:00:00,BCH/USD,305.28,315.49,305.02,310.88,4308450.8,13876.01
1566691200,2019-08-25 00:00:00,BCH/USD,306.13,312.7,300.7,305.28,3395614.51,11092.28
1566604800,2019-08-24 00:00:00,BCH/USD,316.21,316.82,299.0,306.13,3680357.69,12002.46
1566518400,2019-08-23 00:00:00,BCH/USD,312.27,318.79,305.4,316.21,3811908.7,12213.33
1566432000,2019-08-22 00:00:00,BCH/USD,303.4,315.62,293.61,312.27,5890947.88,19388.28
1566345600,2019-08-21 00:00:00,BCH/USD,315.16,316.38,288.26,303.4,7592469.77,25283.72
1566259200,2019-08-20 00:00:00,BCH/USD,325.08,326.34,310.81,315.16,3228109.35,10154.87
1566172800,2019-08-19 00:00:00,BCH/USD,317.0,329.34,312.56,325.08,4885474.25,15218.04
1566086400,2019-08-18 00:00:00,BCH/USD,306.63,325.17,302.24,317.0,4519923.21,14272.27
1566000000,2019-08-17 00:00:00,BCH/USD,309.4,312.55,300.0,306.63,4049553.22,13194.85
1565913600,2019-08-16 00:00:00,BCH/USD,314.51,316.59,297.65,309.4,8946461.22,28945.41
1565827200,2019-08-15 00:00:00,BCH/USD,311.14,323.93,267.03,314.51,19287590.03,63598.4
1565740800,2019-08-14 00:00:00,BCH/USD,347.2,358.58,304.04,311.14,20869222.2,63221.54
1565654400,2019-08-13 00:00:00,BCH/USD,329.16,350.99,327.24,347.2,11934857.47,34952.08
1565568000,2019-08-12 00:00:00,BCH/USD,338.3,339.75,325.91,329.16,4482467.23,13474.31
1565481600,2019-08-11 00:00:00,BCH/USD,315.06,344.04,312.84,338.3,7308906.02,22129.7
1565395200,2019-08-10 00:00:00,BCH/USD,314.52,325.04,302.36,315.06,8091699.78,25826.5
1565308800,2019-08-09 00:00:00,BCH/USD,332.71,334.23,308.0,314.52,9135117.67,28830.14
1565222400,2019-08-08 00:00:00,BCH/USD,338.33,339.04,325.0,332.71,5753361.08,17362.62
1565136000,2019-08-07 00:00:00,BCH/USD,335.21,346.44,330.0,338.33,9560069.0,28349.62
1565049600,2019-08-06 00:00:00,BCH/USD,347.03,355.43,329.2,335.21,8036851.92,23545.31
1564963200,2019-08-05 00:00:00,BCH/USD,336.58,356.58,336.49,347.03,10960210.22,31501.05
1564876800,2019-08-04 00:00:00,BCH/USD,335.93,339.99,328.52,336.58,5877391.48,17512.16
1564790400,2019-08-03 00:00:00,BCH/USD,328.13,348.99,326.17,335.93,9477757.71,27997.24
1564704000,2019-08-02 00:00:00,BCH/USD,329.68,334.63,320.0,328.13,7802901.98,23849.07
1564617600,2019-08-01 00:00:00,BCH/USD,328.84,331.26,318.0,329.68,6800254.11,20918.56
1564531200,2019-07-31 00:00:00,BCH/USD,318.32,338.02,317.5,328.84,13154338.01,39956.33
1564444800,2019-07-30 00:00:00,BCH/USD,305.29,324.71,302.01,318.32,8131045.06,25703.35
1564358400,2019-07-29 00:00:00,BCH/USD,310.99,315.0,301.13,305.29,7242908.12,23535.06
1564272000,2019-07-28 00:00:00,BCH/USD,305.0,313.0,288.73,310.99,9365417.91,30918.39
1564185600,2019-07-27 00:00:00,BCH/USD,317.16,326.0,297.38,305.0,11926630.41,38681.08
1564099200,2019-07-26 00:00:00,BCH/USD,302.04,324.96,294.08,317.16,11668661.15,37388.44
1564012800,2019-07-25 00:00:00,BCH/USD,302.59,313.24,291.28,302.04,13069299.71,42922.46
1563926400,2019-07-24 00:00:00,BCH/USD,297.51,308.0,281.98,302.59,17960943.49,61077.57
1563840000,2019-07-23 00:00:00,BCH/USD,309.84,315.21,290.95,297.51,14345714.0,47402.88
1563753600,2019-07-22 00:00:00,BCH/USD,320.84,325.0,299.56,309.84,11989734.72,38514.75
1563667200,2019-07-21 00:00:00,BCH/USD,325.15,332.2,310.97,320.84,11378800.4,35408.91
1563580800,2019-07-20 00:00:00,BCH/USD,308.2,344.0,304.93,325.15,18715206.79,57525.38
1563494400,2019-07-19 00:00:00,BCH/USD,314.98,316.3,295.5,308.2,14643814.4,47891.86
1563408000,2019-07-18 00:00:00,BCH/USD,292.63,323.68,283.32,314.98,23805163.67,78107.44
1563321600,2019-07-17 00:00:00,BCH/USD,282.34,309.2,272.01,292.63,32485104.04,111894.69
1563235200,2019-07-16 00:00:00,BCH/USD,313.44,318.3,263.34,282.34,39904305.19,137269.32
1563148800,2019-07-15 00:00:00,BCH/USD,281.94,328.39,255.06,313.44,35369122.15,119652.3
1563062400,2019-07-14 00:00:00,BCH/USD,343.57,346.0,273.2,281.94,25422498.12,81433.9
1562976000,2019-07-13 00:00:00,BCH/USD,353.68,354.28,330.37,343.57,14614846.23,42633.18
1562889600,2019-07-12 00:00:00,BCH/USD,345.85,361.67,336.29,353.68,21291794.04,60831.28
1562803200,2019-07-11 00:00:00,BCH/USD,388.97,389.48,311.51,345.85,47710043.75,138210.01
1562716800,2019-07-10 00:00:00,BCH/USD,415.16,423.82,380.0,388.97,22796829.84,57025.28
1562630400,2019-07-09 00:00:00,BCH/USD,417.63,428.98,410.51,415.16,16218414.3,38729.3
1562544000,2019-07-08 00:00:00,BCH/USD,412.43,420.4,406.03,417.63,11153181.4,26919.87
1562457600,2019-07-07 00:00:00,BCH/USD,406.34,415.67,398.0,412.43,8318055.96,20470.6
1562371200,2019-07-06 00:00:00,BCH/USD,400.11,419.8,399.59,406.34,9244517.71,22622.93
1562284800,2019-07-05 00:00:00,BCH/USD,399.64,410.58,390.54,400.11,12279658.02,30714.64
1562198400,2019-07-04 00:00:00,BCH/USD,421.75,423.74,397.71,399.64,12381754.2,29998.15
1562112000,2019-07-03 00:00:00,BCH/USD,407.05,424.0,405.45,421.75,10796909.56,26109.56
1562025600,2019-07-02 00:00:00,BCH/USD,415.63,422.0,380.32,407.05,26316516.66,65923.2
1561939200,2019-07-01 00:00:00,BCH/USD,399.5,419.98,385.0,415.63,24331377.75,60460.87
1561852800,2019-06-30 00:00:00,BCH/USD,439.62,449.5,395.05,399.5,21067961.41,50395.56
1561766400,2019-06-29 00:00:00,BCH/USD,434.0,444.38,411.0,439.62,18646443.67,43653.81
1561680000,2019-06-28 00:00:00,BCH/USD,411.76,438.29,394.61,434.0,28348470.52,67361.37
1561593600,2019-06-27 00:00:00,BCH/USD,481.82,491.65,382.28,411.76,60111488.2,141350.99
1561507200,2019-06-26 00:00:00,BCH/USD,477.36,515.87,435.0,481.82,66086425.35,135004.72
1561420800,2019-06-25 00:00:00,BCH/USD,478.31,484.31,463.0,477.36,18022883.62,37963.66
1561334400,2019-06-24 00:00:00,BCH/USD,474.76,478.31,459.09,478.31,13505854.79,28760.54
1561248000,2019-06-23 00:00:00,BCH/USD,479.67,501.0,469.0,474.76,24454331.96,50541.64
1561161600,2019-06-22 00:00:00,BCH/USD,441.34,517.75,432.0,479.67,53453407.41,114106.83
1561075200,2019-06-21 00:00:00,BCH/USD,412.65,443.7,412.65,441.34,23200397.93,54030.03
1560988800,2019-06-20 00:00:00,BCH/USD,416.37,418.0,404.68,412.65,9590528.89,23275.79
1560902400,2019-06-19 00:00:00,BCH/USD,413.33,420.0,407.33,416.37,10801654.44,26179.03
1560816000,2019-06-18 00:00:00,BCH/USD,431.04,432.32,402.33,413.33,20754604.71,50280.14
1560729600,2019-06-17 00:00:00,BCH/USD,427.36,439.78,425.1,431.04,12868309.09,29844.66
1560643200,2019-06-16 00:00:00,BCH/USD,423.74,439.86,417.63,427.36,17418336.43,40551.86
1560556800,2019-06-15 00:00:00,BCH/USD,420.96,426.67,412.59,423.74,12418288.24,29541.95
1560470400,2019-06-14 00:00:00,BCH/USD,412.05,423.0,400.42,420.96,16082360.54,39125.23
1560384000,2019-06-13 00:00:00,BCH/USD,396.86,425.0,395.07,412.05,23224776.32,56300.47
1560297600,2019-06-12 00:00:00,BCH/USD,388.26,404.36,384.02,396.86,17978554.06,45657.37
1560211200,2019-06-11 00:00:00,BCH/USD,394.11,397.99,378.81,388.26,13825069.46,35606.07
1560124800,2019-06-10 00:00:00,BCH/USD,380.53,400.73,373.71,394.11,17674854.26,45603.18
1560038400,2019-06-09 00:00:00,BCH/USD,393.46,398.25,370.73,380.53,14930806.59,39124.85
1559952000,2019-06-08 00:00:00,BCH/USD,399.03,404.79,386.23,393.46,9286556.5,23517.53
1559865600,2019-06-07 00:00:00,BCH/USD,396.64,410.99,389.3,399.03,18191266.67,45506.85
1559779200,2019-06-06 00:00:00,BCH/USD,397.52,402.39,369.11,396.64,19864590.12,51240.14
1559692800,2019-06-05 00:00:00,BCH/USD,382.87,419.2,378.86,397.52,28895703.28,73218.08
1559606400,2019-06-04 00:00:00,BCH/USD,401.02,402.2,362.53,382.87,40175862.98,104569.45
1559520000,2019-06-03 00:00:00,BCH/USD,441.46,447.5,395.0,401.02,29807936.51,70597.71
1559433600,2019-06-02 00:00:00,BCH/USD,432.5,452.75,431.49,441.46,13167342.55,29829.08
1559347200,2019-06-01 00:00:00,BCH/USD,443.39,449.0,427.67,432.5,16604469.66,37906.76
1559260800,2019-05-31 00:00:00,BCH/USD,422.41,444.97,412.99,443.39,19679393.31,45837.51
1559174400,2019-05-30 00:00:00,BCH/USD,456.84,483.33,401.73,422.41,54942410.6,121537.12
1559088000,2019-05-29 00:00:00,BCH/USD,433.5,465.95,420.0,456.84,32198472.28,71995.54
1559001600,2019-05-28 00:00:00,BCH/USD,439.1,444.93,426.09,433.5,16562556.19,38095.09
1558915200,2019-05-27 00:00:00,BCH/USD,433.55,458.06,419.0,439.1,36446761.93,83490.72
1558828800,2019-05-26 00:00:00,BCH/USD,406.29,437.82,391.0,433.55,28180773.85,67353.42
1558742400,2019-05-25 00:00:00,BCH/USD,409.0,414.1,400.05,406.29,9006711.2,22068.35
1558656000,2019-05-24 00:00:00,BCH/USD,405.93,423.64,394.29,409.0,28178630.97,68332.14
1558569600,2019-05-23 00:00:00,BCH/USD,387.61,408.63,368.03,405.93,25424126.26,65083.14
1558483200,2019-05-22 00:00:00,BCH/USD,417.17,425.0,381.12,387.61,28302274.31,70034.1
1558396800,2019-05-21 00:00:00,BCH/USD,414.76,447.05,400.48,417.17,33989165.52,81088.95
1558310400,2019-05-20 00:00:00,BCH/USD,418.4,423.14,381.0,414.76,39753248.61,98008.13
1558224000,2019-05-19 00:00:00,BCH/USD,357.98,434.12,356.36,418.4,49748120.89,122308.04
1558137600,2019-05-18 00:00:00,BCH/USD,367.85,375.0,350.52,357.98,16186263.85,44515.44
1558051200,2019-05-17 00:00:00,BCH/USD,398.89,412.0,336.73,367.85,58478997.91,160521.22
1557964800,2019-05-16 00:00:00,BCH/USD,404.14,452.91,380.0,398.89,87407522.16,210888.37
1557878400,2019-05-15 00:00:00,BCH/USD,389.23,413.0,371.15,404.14,49754992.53,127262.77
1557792000,2019-05-14 00:00:00,BCH/USD,384.02,410.92,363.0,389.23,57259543.93,147677.8
1557705600,2019-05-13 00:00:00,BCH/USD,355.74,407.0,348.26,384.02,69840024.15,183041.42
1557619200,2019-05-12 00:00:00,BCH/USD,354.76,382.21,330.0,355.74,73337315.53,206978.85
1557532800,2019-05-11 00:00:00,BCH/USD,285.56,387.99,285.56,354.76,60346685.93,182910.21
1557446400,2019-05-10 00:00:00,BCH/USD,282.8,295.74,276.21,285.56,17840990.93,62260.22
1557360000,2019-05-09 00:00:00,BCH/USD,284.22,291.01,274.61,282.8,12867121.07,45371.76
1557273600,2019-05-08 00:00:00,BCH/USD,280.53,286.84,270.0,284.22,9465427.28,33903.2
1557187200,2019-05-07 00:00:00,BCH/USD,285.61,298.16,279.41,280.53,20864301.57,72253.34
1557100800,2019-05-06 00:00:00,BCH/USD,290.22,293.44,273.0,285.61,13845583.4,48532.74
1557014400,2019-05-05 00:00:00,BCH/USD,287.18,298.88,283.0,290.22,14901076.74,51315.79
1556928000,2019-05-04 00:00:00,BCH/USD,287.43,310.0,267.75,287.18,28127523.12,97432.87
1556841600,2019-05-03 00:00:00,BCH/USD,264.4,296.62,262.36,287.43,19773898.74,69828.25
1556755200,2019-05-02 00:00:00,BCH/USD,267.89,276.89,261.49,264.4,9839756.76,36754.81
1556668800,2019-05-01 00:00:00,BCH/USD,265.25,277.32,261.5,267.89,16821081.82,62689.97
1556582400,2019-04-30 00:00:00,BCH/USD,234.32,266.51,231.35,265.25,14792387.05,59633.58
1556496000,2019-04-29 00:00:00,BCH/USD,248.84,249.88,227.4,234.32,11134044.96,47208.4
1556409600,2019-04-28 00:00:00,BCH/USD,259.42,261.7,244.0,248.84,6108417.08,24160.42
1556323200,2019-04-27 00:00:00,BCH/USD,259.47,264.0,255.94,259.42,3567049.7,13721.37
1556236800,2019-04-26 00:00:00,BCH/USD,264.0,271.2,250.0,259.47,10354013.05,39980.85
1556150400,2019-04-25 00:00:00,BCH/USD,278.8,284.54,256.31,264.0,10239355.53,37594.13
1556064000,2019-04-24 00:00:00,BCH/USD,288.59,291.98,269.13,278.8,14455153.75,51888.9
1555977600,2019-04-23 00:00:00,BCH/USD,292.88,312.02,287.7,288.59,14907632.2,49846.69
1555891200,2019-04-22 00:00:00,BCH/USD,290.53,296.0,286.89,292.88,10320923.41,35333.19
1555804800,2019-04-21 00:00:00,BCH/USD,300.12,302.97,280.0,290.53,11769937.83,40685.77
1555718400,2019-04-20 00:00:00,BCH/USD,306.92,309.69,294.63,300.12,6814962.46,22438.14
1555632000,2019-04-19 00:00:00,BCH/USD,306.36,313.2,290.0,306.92,13868064.32,46116.15
1555545600,2019-04-18 00:00:00,BCH/USD,310.17,314.5,303.95,306.36,11440524.32,37070.24
1555459200,2019-04-17 00:00:00,BCH/USD,316.0,322.0,304.0,310.17,13947419.97,44790.61
1555372800,2019-04-16 00:00:00,BCH/USD,312.65,324.9,303.73,316.0,22789571.96,72230.94
1555286400,2019-04-15 00:00:00,BCH/USD,289.56,335.0,287.79,312.65,46147828.53,148204.45
1555200000,2019-04-14 00:00:00,BCH/USD,278.23,291.49,273.0,289.56,6865072.93,24326.64
1555113600,2019-04-13 00:00:00,BCH/USD,282.2,287.7,272.88,278.23,9105934.42,32532.67
1555027200,2019-04-12 00:00:00,BCH/USD,270.67,290.0,258.37,282.2,18630133.9,67665.7
1554940800,2019-04-11 00:00:00,BCH/USD,304.73,305.98,254.17,270.67,28228139.27,102265.83
1554854400,2019-04-10 00:00:00,BCH/USD,295.48,315.14,295.03,304.73,17267311.43,56566.26
1554768000,2019-04-09 00:00:00,BCH/USD,309.88,309.88,292.95,295.48,10972967.25,36603.51
1554681600,2019-04-08 00:00:00,BCH/USD,320.52,329.9,294.34,309.88,24191014.77,77718.84
1554595200,2019-04-07 00:00:00,BCH/USD,306.66,329.0,298.61,320.52,32039352.62,101455.44
1554508800,2019-04-06 00:00:00,BCH/USD,293.76,332.64,284.57,306.66,37881789.44,122630.71
1554422400,2019-04-05 00:00:00,BCH/USD,285.96,302.64,280.52,293.76,21583217.8,74133.6
1554336000,2019-04-04 00:00:00,BCH/USD,301.84,324.98,272.0,285.96,53237223.77,180206.67
1554249600,2019-04-03 00:00:00,BCH/USD,242.96,354.17,242.31,301.84,129936933.34,446721.87
1554163200,2019-04-02 00:00:00,BCH/USD,167.18,249.0,166.98,242.96,33586886.55,161654.95
1554076800,2019-04-01 00:00:00,BCH/USD,168.64,169.69,166.52,167.18,2366897.18,14106.29
1553990400,2019-03-31 00:00:00,BCH/USD,166.71,169.21,165.0,168.64,1685204.05,10085.15
1553904000,2019-03-30 00:00:00,BCH/USD,170.13,171.59,164.28,166.71,3425681.26,20434.03
1553817600,2019-03-29 00:00:00,BCH/USD,167.1,170.99,166.78,170.13,2964443.49,17559.26
1553731200,2019-03-28 00:00:00,BCH/USD,170.23,170.23,165.38,167.1,3011712.02,17946.26
1553644800,2019-03-27 00:00:00,BCH/USD,158.1,172.99,157.59,170.23,7929986.77,47545.61
1553558400,2019-03-26 00:00:00,BCH/USD,158.78,159.52,152.5,158.1,3006969.79,19285.6
1553472000,2019-03-25 00:00:00,BCH/USD,163.4,164.64,153.21,158.78,5572324.2,35052.26
1553385600,2019-03-24 00:00:00,BCH/USD,165.32,165.32,160.4,163.4,3890046.23,23884.02
1553299200,2019-03-23 00:00:00,BCH/USD,156.15,168.9,155.25,165.32,5888611.28,35974.16
1553212800,2019-03-22 00:00:00,BCH/USD,152.64,158.8,150.44,156.15,2726250.77,17509.89
1553126400,2019-03-21 00:00:00,BCH/USD,158.56,159.65,145.81,152.64,6058508.81,39754.79
1553040000,2019-03-20 00:00:00,BCH/USD,159.58,159.59,152.5,158.56,3842460.98,24509.59
1552953600,2019-03-19 00:00:00,BCH/USD,160.14,161.36,154.27,159.58,4116080.05,26006.0
1552867200,2019-03-18 00:00:00,BCH/USD,153.5,166.8,153.16,160.14,10007265.19,62280.12
1552780800,2019-03-17 00:00:00,BCH/USD,155.22,156.95,145.76,153.5,5536075.97,36488.71
1552694400,2019-03-16 00:00:00,BCH/USD,142.63,159.64,142.48,155.22,12103974.08,78597.37
1552608000,2019-03-15 00:00:00,BCH/USD,131.38,145.27,131.05,142.63,6262040.62,44950.21
1552521600,2019-03-14 00:00:00,BCH/USD,127.28,134.35,127.02,131.38,4597743.15,35081.16
1552435200,2019-03-13 00:00:00,BCH/USD,127.52,128.5,125.6,127.28,1111360.92,8738.22
1552348800,2019-03-12 00:00:00,BCH/USD,128.04,128.5,125.13,127.52,1816879.74,14310.87
1552262400,2019-03-11 00:00:00,BCH/USD,130.42,131.11,125.76,128.04,1982076.23,15479.13
1552176000,2019-03-10 00:00:00,BCH/USD,132.77,133.1,129.42,130.42,1396721.25,10670.0
1552089600,2019-03-09 00:00:00,BCH/USD,127.1,135.5,126.53,132.77,3678338.97,27811.45
1552003200,2019-03-08 00:00:00,BCH/USD,129.72,131.4,125.28,127.1,2771857.9,21647.81
1551916800,2019-03-07 00:00:00,BCH/USD,130.93,132.75,129.43,129.72,2178778.01,16642.84
1551830400,2019-03-06 00:00:00,BCH/USD,131.75,133.2,128.54,130.93,2460757.57,18830.63
1551744000,2019-03-05 00:00:00,BCH/USD,122.84,132.96,122.33,131.75,3174535.74,24606.92
1551657600,2019-03-04 00:00:00,BCH/USD,128.85,129.74,120.36,122.84,3697171.85,29942.43
1551571200,2019-03-03 00:00:00,BCH/USD,130.12,131.0,128.0,128.85,1108638.78,8540.08
1551484800,2019-03-02 00:00:00,BCH/USD,130.5,131.2,127.78,130.12,1417838.24,10945.75
1551398400,2019-03-01 00:00:00,BCH/USD,129.44,132.49,129.09,130.5,1896195.01,14490.21
1551312000,2019-02-28 00:00:00,BCH/USD,130.35,132.75,127.64,129.44,4006996.02,30739.21
1551225600,2019-02-27 00:00:00,BCH/USD,131.65,133.37,124.99,130.35,4416791.99,34254.68
1551139200,2019-02-26 00:00:00,BCH/USD,132.92,136.91,130.13,131.65,2739904.34,20661.8
1551052800,2019-02-25 00:00:00,BCH/USD,126.49,138.0,126.14,132.92,6326718.55,47490.13
1550966400,2019-02-24 00:00:00,BCH/USD,153.0,157.0,126.05,126.49,11754738.64,83350.01
1550880000,2019-02-23 00:00:00,BCH/USD,142.53,154.79,139.61,153.0,6699247.03,45553.56
1550793600,2019-02-22 00:00:00,BCH/USD,140.52,143.82,139.0,142.53,3377294.0,23819.55
1550707200,2019-02-21 00:00:00,BCH/USD,145.56,146.41,138.17,140.52,4011510.56,28377.27
1550620800,2019-02-20 00:00:00,BCH/USD,140.81,147.28,137.73,145.56,5814065.31,40696.19
1550534400,2019-02-19 00:00:00,BCH/USD,142.26,150.0,140.25,140.81,11342745.46,78139.23
1550448000,2019-02-18 00:00:00,BCH/USD,122.91,148.77,122.88,142.26,15649275.67,114954.08
1550361600,2019-02-17 00:00:00,BCH/USD,120.37,124.0,119.08,122.91,2524608.68,20765.29
1550275200,2019-02-16 00:00:00,BCH/USD,120.05,121.89,119.95,120.37,1218771.64,10075.66
1550188800,2019-02-15 00:00:00,BCH/USD,119.93,123.32,119.2,120.05,1398117.17,11586.58
1550102400,2019-02-14 00:00:00,BCH/USD,120.79,122.85,118.27,119.93,4302558.34,35757.38
1550016000,2019-02-13 00:00:00,BCH/USD,120.97,125.57,119.44,120.79,2455922.1,20115.33
1549929600,2019-02-12 00:00:00,BCH/USD,120.64,122.43,116.81,120.97,2359941.12,19675.55
1549843200,2019-02-11 00:00:00,BCH/USD,125.88,126.05,119.01,120.64,2265301.23,18576.07
1549756800,2019-02-10 00:00:00,BCH/USD,126.83,127.0,120.08,125.88,3240124.98,26217.85
1549670400,2019-02-09 00:00:00,BCH/USD,127.87,128.9,124.5,126.83,2315853.31,18310.11
1549584000,2019-02-08 00:00:00,BCH/USD,114.1,131.24,112.6,127.87,9103233.66,73351.27
1549497600,2019-02-07 00:00:00,BCH/USD,113.44,115.98,112.57,114.1,1383770.04,12126.44
1549411200,2019-02-06 00:00:00,BCH/USD,116.03,121.12,109.88,113.44,5216820.91,45744.2
1549324800,2019-02-05 00:00:00,BCH/USD,117.37,118.07,115.55,116.03,1215924.87,10419.57
1549238400,2019-02-04 00:00:00,BCH/USD,117.34,119.1,116.25,117.37,1216891.61,10374.63
1549152000,2019-02-03 00:00:00,BCH/USD,119.84,120.42,115.17,117.34,2175127.02,18483.18
1549065600,2019-02-02 00:00:00,BCH/USD,114.45,121.0,114.03,119.84,2561909.31,21725.52
1548979200,2019-02-01 00:00:00,BCH/USD,112.93,117.24,110.07,114.45,3288213.41,28894.96
1548892800,2019-01-31 00:00:00,BCH/USD,116.2,120.26,111.8,112.93,2934442.02,25513.21
1548806400,2019-01-30 00:00:00,BCH/USD,109.01,119.6,107.18,116.2,3928372.53,34290.52
1548720000,2019-01-29 00:00:00,BCH/USD,111.05,112.0,105.61,109.01,2762496.03,25265.58
1548633600,2019-01-28 00:00:00,BCH/USD,120.67,120.85,104.8,111.05,6982798.08,62675.91
1548547200,2019-01-27 00:00:00,BCH/USD,125.21,125.82,117.0,120.67,1816814.73,14897.91
1548460800,2019-01-26 00:00:00,BCH/USD,126.5,128.53,125.14,125.21,1215913.23,9607.75
1548374400,2019-01-25 00:00:00,BCH/USD,128.22,128.58,124.69,126.5,1467059.32,11621.07
1548288000,2019-01-24 00:00:00,BCH/USD,131.28,131.28,125.51,128.22,2210343.27,17244.26
1548201600,2019-01-23 00:00:00,BCH/USD,127.34,134.97,126.54,131.28,4838040.83,37007.25
1548115200,2019-01-22 00:00:00,BCH/USD,121.53,131.0,115.93,127.34,4938114.0,39551.55
1548028800,2019-01-21 00:00:00,BCH/USD,121.78,123.46,120.17,121.53,1370805.97,11262.03
1547942400,2019-01-20 00:00:00,BCH/USD,128.53,129.49,119.52,121.78,2511905.69,20376.22
1547856000,2019-01-19 00:00:00,BCH/USD,126.74,130.9,126.24,128.53,1398755.28,10842.76
1547769600,2019-01-18 00:00:00,BCH/USD,129.76,129.85,124.65,126.74,1890290.65,14877.1
1547683200,2019-01-17 00:00:00,BCH/USD,127.57,130.9,124.05,129.76,2439021.98,19041.18
1547596800,2019-01-16 00:00:00,BCH/USD,126.38,130.94,126.06,127.57,2098187.77,16451.38
1547510400,2019-01-15 00:00:00,BCH/USD,132.33,133.21,124.73,126.38,3679245.29,28502.02
1547424000,2019-01-14 00:00:00,BCH/USD,124.66,136.64,122.5,132.33,4611964.08,35607.95
1547337600,2019-01-13 00:00:00,BCH/USD,133.02,134.1,121.45,124.66,4247637.22,33694.47
1547251200,2019-01-12 00:00:00,BCH/USD,129.28,136.92,128.61,133.02,3855842.11,28782.55
1547164800,2019-01-11 00:00:00,BCH/USD,133.11,133.34,126.53,129.28,5966311.78,45882.1
1547078400,2019-01-10 00:00:00,BCH/USD,158.7,164.0,127.96,133.11,12271116.39,87905.36
1546992000,2019-01-09 00:00:00,BCH/USD,159.79,160.66,156.12,158.7,2152591.28,13572.91
1546905600,2019-01-08 00:00:00,BCH/USD,159.71,162.8,156.44,159.79,3281552.07,20575.08
1546819200,2019-01-07 00:00:00,BCH/USD,164.7,166.55,158.61,159.71,3350073.98,20656.37
1546732800,2019-01-06 00:00:00,BCH/USD,158.41,167.62,156.11,164.7,5510489.91,33846.49
1546646400,2019-01-05 00:00:00,BCH/USD,159.39,165.0,156.0,158.41,4447117.43,27753.74
1546560000,2019-01-04 00:00:00,BCH/USD,159.88,163.14,152.25,159.39,6364290.6,40303.87
1546473600,2019-01-03 00:00:00,BCH/USD,170.0,174.99,156.17,159.88,7124346.41,43287.22
1546387200,2019-01-02 00:00:00,BCH/USD,163.66,173.22,159.51,170.0,7593073.56,46093.0
1546300800,2019-01-01 00:00:00,BCH/USD,147.64,165.0,146.11,163.66,6992276.66,44231.1
1546214400,2018-12-31 00:00:00,BCH/USD,161.8,162.0,144.7,147.64,5945479.39,38573.15
1546128000,2018-12-30 00:00:00,BCH/USD,160.49,164.22,156.77,161.8,5802064.8,36129.08
1546041600,2018-12-29 00:00:00,BCH/USD,172.1,174.99,160.02,160.49,8821859.9,52632.47
1545955200,2018-12-28 00:00:00,BCH/USD,147.38,177.9,140.2,172.1,14861830.81,92278.28
1545868800,2018-12-27 00:00:00,BCH/USD,173.65,176.85,144.61,147.38,11909699.61,76122.86
1545782400,2018-12-26 00:00:00,BCH/USD,170.15,186.47,162.17,173.65,13906269.56,79528.95
1545696000,2018-12-25 00:00:00,BCH/USD,180.31,182.49,149.81,170.15,18200862.74,111704.74
1545609600,2018-12-24 00:00:00,BCH/USD,195.95,213.45,175.0,180.31,26002510.48,131994.77
1545523200,2018-12-23 00:00:00,BCH/USD,195.99,209.57,186.67,195.95,18014209.86,92074.16
1545436800,2018-12-22 00:00:00,BCH/USD,191.75,205.0,180.33,195.99,20201426.12,105309.23
1545350400,2018-12-21 00:00:00,BCH/USD,191.4,232.1,171.35,191.75,54892654.55,273527.15
1545264000,2018-12-20 00:00:00,BCH/USD,126.35,215.0,124.0,191.4,49674728.48,286656.79
1545177600,2018-12-19 00:00:00,BCH/USD,104.06,146.17,102.0,126.35,22057385.34,175422.38
1545091200,2018-12-18 00:00:00,BCH/USD,88.02,107.22,85.02,104.06,7094419.47,72970.43
1545004800,2018-12-17 00:00:00,BCH/USD,78.68,91.39,78.42,88.02,3067419.4,35734.85
1544918400,2018-12-16 00:00:00,BCH/USD,76.23,81.81,76.02,78.68,2073702.33,25997.19
1544832000,2018-12-15 00:00:00,BCH/USD,79.4,81.17,73.22,76.23,1584465.59,20643.42
1544745600,2018-12-14 00:00:00,BCH/USD,86.69,88.3,75.51,79.4,3553231.78,43456.83
1544659200,2018-12-13 00:00:00,BCH/USD,96.74,96.89,85.82,86.69,1922121.98,20939.07
1544572800,2018-12-12 00:00:00,BCH/USD,95.57,100.32,94.25,96.74,1071155.65,11078.43
1544486400,2018-12-11 00:00:00,BCH/USD,101.57,101.6,92.32,95.57,1880743.66,19451.86
1544400000,2018-12-10 00:00:00,BCH/USD,106.24,108.29,99.1,101.57,1562982.88,15249.91
1544313600,2018-12-09 00:00:00,BCH/USD,99.61,110.97,98.09,106.24,3294934.66,31200.55
1544227200,2018-12-08 00:00:00,BCH/USD,104.52,108.71,95.0,99.61,3013071.53,29972.48
1544140800,2018-12-07 00:00:00,BCH/USD,250.0,250.0,94.2,104.52,6775126.5,66092.92
1544054400,2018-12-06 00:00:00,BCH/USD,250.0,250.0,250.0,250.0,0.0,0.0
1543968000,2018-12-05 00:00:00,BCH/USD,250.0,250.0,250.0,250.0,0.0,0.0
1543881600,2018-12-04 00:00:00,BCH/USD,250.0,250.0,250.0,250.0,0.0,0.0
1543795200,2018-12-03 00:00:00,BCH/USD,250.0,250.0,250.0,250.0,0.0,0.0
1543708800,2018-12-02 00:00:00,BCH/USD,250.0,250.0,250.0,250.0,0.0,0.0
1543622400,2018-12-01 00:00:00,BCH/USD,250.0,250.0,250.0,250.0,0.0,0.0
1543536000,2018-11-30 00:00:00,BCH/USD,250.0,250.0,250.0,250.0,0.0,0.0
1543449600,2018-11-29 00:00:00,BCH/USD,250.0,250.0,250.0,250.0,0.0,0.0
1543363200,2018-11-28 00:00:00,BCH/USD,250.0,250.0,250.0,250.0,0.0,0.0
1543276800,2018-11-27 00:00:00,BCH/USD,250.0,250.0,250.0,250.0,0.0,0.0
1543190400,2018-11-26 00:00:00,BCH/USD,250.0,250.0,250.0,250.0,0.0,0.0
1543104000,2018-11-25 00:00:00,BCH/USD,250.0,250.0,250.0,250.0,0.0,0.0
1543017600,2018-11-24 00:00:00,BCH/USD,250.0,250.0,250.0,250.0,0.0,0.0
1542931200,2018-11-23 00:00:00,BCH/USD,250.0,250.0,250.0,250.0,0.0,0.0
1542844800,2018-11-22 00:00:00,BCH/USD,255.86,258.99,249.0,250.0,130782.03,516.09
1542758400,2018-11-21 00:00:00,BCH/USD,231.99,273.99,231.98,255.86,1609371.18,6365.41
1542672000,2018-11-20 00:00:00,BCH/USD,415.0,415.0,210.0,231.99,231513.39,1049.12
1542585600,2018-11-19 00:00:00,BCH/USD,415.0,415.0,415.0,415.0,0.0,0.0
1542499200,2018-11-18 00:00:00,BCH/USD,415.0,415.0,415.0,415.0,0.0,0.0
1542412800,2018-11-17 00:00:00,BCH/USD,415.0,415.0,415.0,415.0,0.0,0.0
1542326400,2018-11-16 00:00:00,BCH/USD,415.0,415.0,415.0,415.0,0.0,0.0
1542240000,2018-11-15 00:00:00,BCH/USD,427.47,449.0,382.0,415.0,10988802.97,26149.63
1542153600,2018-11-14 00:00:00,BCH/USD,502.99,518.74,402.0,427.47,32330929.03,71283.61
1542067200,2018-11-13 00:00:00,BCH/USD,509.31,540.0,495.05,502.99,17820455.93,34481.46
1541980800,2018-11-12 00:00:00,BCH/USD,528.21,535.98,495.98,509.31,15337922.96,29616.31
1541894400,2018-11-11 00:00:00,BCH/USD,552.94,552.94,511.04,528.21,9362172.82,17668.8
1541808000,2018-11-10 00:00:00,BCH/USD,539.07,563.48,526.0,552.94,8933142.97,16340.5
1541721600,2018-11-09 00:00:00,BCH/USD,571.8,594.31,520.78,539.07,15877165.96,28483.35
1541635200,2018-11-08 00:00:00,BCH/USD,614.34,617.88,566.11,571.8,16809784.1,28595.55
1541548800,2018-11-07 00:00:00,BCH/USD,628.01,638.55,603.09,614.34,20581922.71,33239.57
1541462400,2018-11-06 00:00:00,BCH/USD,557.3,631.99,550.7,628.01,25853487.54,43445.48
1541376000,2018-11-05 00:00:00,BCH/USD,565.43,577.0,534.74,557.3,17425826.68,31469.77
1541289600,2018-11-04 00:00:00,BCH/USD,476.78,588.29,476.33,565.43,34527668.35,63460.11
1541203200,2018-11-03 00:00:00,BCH/USD,459.65,484.0,451.12,476.78,5111133.93,10870.89
1541116800,2018-11-02 00:00:00,BCH/USD,422.51,470.2,421.61,459.65,7584784.21,16816.46
1541030400,2018-11-01 00:00:00,BCH/USD,422.67,423.67,419.57,422.51,1956240.47,4641.31
1540944000,2018-10-31 00:00:00,BCH/USD,419.2,429.93,406.16,422.67,3502290.99,8356.22
1540857600,2018-10-30 00:00:00,BCH/USD,413.53,421.21,411.88,419.2,1996993.24,4816.25
1540771200,2018-10-29 00:00:00,BCH/USD,436.22,436.97,408.0,413.53,4330270.89,10369.38
1540684800,2018-10-28 00:00:00,BCH/USD,434.47,437.04,432.21,436.22,1114857.93,2566.55
1540598400,2018-10-27 00:00:00,BCH/USD,435.1,435.7,430.86,434.47,1233096.66,2844.45
1540512000,2018-10-26 00:00:00,BCH/USD,436.72,439.78,431.92,435.1,2205590.3,5069.4
1540425600,2018-10-25 00:00:00,BCH/USD,437.74,439.61,435.5,436.72,1554588.0,3551.99
1540339200,2018-10-24 00:00:00,BCH/USD,438.22,445.0,437.0,437.74,1989044.59,4514.76
1540252800,2018-10-23 00:00:00,BCH/USD,445.16,446.14,433.0,438.22,3051101.62,6972.65
1540166400,2018-10-22 00:00:00,BCH/USD,443.47,447.99,438.5,445.16,2034560.13,4592.66
1540080000,2018-10-21 00:00:00,BCH/USD,443.74,453.8,441.28,443.47,3003181.63,6713.69
1539993600,2018-10-20 00:00:00,BCH/USD,436.27,448.0,432.8,443.74,3106455.75,7065.79
1539907200,2018-10-19 00:00:00,BCH/USD,431.66,439.0,426.52,436.27,4780932.93,11052.49
1539820800,2018-10-18 00:00:00,BCH/USD,440.98,449.98,425.0,431.66,7331619.4,16755.62
1539734400,2018-10-17 00:00:00,BCH/USD,449.26,449.93,435.71,440.98,6248664.79,14101.07
1539648000,2018-10-16 00:00:00,BCH/USD,447.92,458.2,443.0,449.26,5496267.01,12266.42
1539561600,2018-10-15 00:00:00,BCH/USD,432.42,476.87,426.22,447.92,12884569.72,28650.17
1539475200,2018-10-14 00:00:00,BCH/USD,443.75,449.67,428.76,432.42,3408281.27,7732.54
1539388800,2018-10-13 00:00:00,BCH/USD,437.54,444.99,437.0,443.75,2759818.78,6240.1
1539302400,2018-10-12 00:00:00,BCH/USD,428.65,451.63,422.51,437.54,5311639.96,12139.59
1539216000,2018-10-11 00:00:00,BCH/USD,509.79,509.79,422.51,428.65,15730036.65,34903.61
1539129600,2018-10-10 00:00:00,BCH/USD,516.24,516.54,501.5,509.79,3922962.13,7721.38
1539043200,2018-10-09 00:00:00,BCH/USD,525.99,526.0,511.84,516.24,2883448.67,5570.38
1538956800,2018-10-08 00:00:00,BCH/USD,517.14,530.0,515.19,525.99,4621073.94,8830.87
1538870400,2018-10-07 00:00:00,BCH/USD,507.35,519.99,504.02,517.14,2741672.81,5360.17
1538784000,2018-10-06 00:00:00,BCH/USD,517.95,518.99,498.0,507.35,3176103.58,6243.1
1538697600,2018-10-05 00:00:00,BCH/USD,511.92,524.85,507.91,517.95,4097927.93,7981.89
1538611200,2018-10-04 00:00:00,BCH/USD,514.62,528.0,505.24,511.92,4794208.7,9241.48
1538524800,2018-10-03 00:00:00,BCH/USD,530.37,532.1,502.92,514.62,6435115.71,12496.09
1538438400,2018-10-02 00:00:00,BCH/USD,531.17,549.98,521.44,530.37,7600488.48,14170.39
1538352000,2018-10-01 00:00:00,BCH/USD,529.77,542.45,520.11,531.17,7795029.74,14656.39
1538265600,2018-09-30 00:00:00,BCH/USD,536.96,550.99,515.5,529.77,6761026.01,12701.88
1538179200,2018-09-29 00:00:00,BCH/USD,538.39,558.94,507.01,536.96,7486162.73,14131.86
1538092800,2018-09-28 00:00:00,BCH/USD,565.84,574.95,528.43,538.39,12281009.08,22494.33
1538006400,2018-09-27 00:00:00,BCH/USD,513.9,591.88,513.11,565.84,26977942.84,48851.93
1537920000,2018-09-26 00:00:00,BCH/USD,446.47,549.5,432.86,513.9,25174862.8,49781.0
1537833600,2018-09-25 00:00:00,BCH/USD,461.99,461.99,425.0,446.47,9505125.84,21560.0
1537747200,2018-09-24 00:00:00,BCH/USD,489.21,493.77,456.01,461.99,7084852.32,14985.05
1537660800,2018-09-23 00:00:00,BCH/USD,484.32,510.32,476.88,489.21,5587963.68,11366.34
1537574400,2018-09-22 00:00:00,BCH/USD,501.7,510.0,470.04,484.32,6392999.17,13162.21
1537488000,2018-09-21 00:00:00,BCH/USD,456.21,510.0,449.51,501.7,16064390.1,33204.57
1537401600,2018-09-20 00:00:00,BCH/USD,429.85,466.5,423.0,456.21,7855560.01,17891.06
1537315200,2018-09-19 00:00:00,BCH/USD,432.39,441.05,408.07,429.85,9467157.43,22142.38
1537228800,2018-09-18 00:00:00,BCH/USD,417.62,448.44,412.0,432.39,6756395.93,15683.21
1537142400,2018-09-17 00:00:00,BCH/USD,450.43,461.94,407.65,417.62,8360413.46,19387.19
1537056000,2018-09-16 00:00:00,BCH/USD,449.0,452.26,426.13,450.43,3333174.61,7569.69
1536969600,2018-09-15 00:00:00,BCH/USD,448.0,461.84,443.5,449.0,3886178.71,8575.38
1536883200,2018-09-14 00:00:00,BCH/USD,464.03,478.53,440.25,448.0,7018290.74,15337.87
1536796800,2018-09-13 00:00:00,BCH/USD,430.81,478.32,430.54,464.03,9094644.65,20089.36
1536710400,2018-09-12 00:00:00,BCH/USD,440.0,440.0,410.0,430.81,10745789.75,25320.63
1536624000,2018-09-11 00:00:00,BCH/USD,466.58,477.86,425.8,440.0,6720236.24,14956.75
1536537600,2018-09-10 00:00:00,BCH/USD,479.34,489.0,457.88,466.58,4658951.88,9863.35
1536451200,2018-09-09 00:00:00,BCH/USD,474.51,494.75,462.45,479.34,4496604.94,9355.79
1536364800,2018-09-08 00:00:00,BCH/USD,497.27,504.97,461.16,474.51,5837911.45,12133.22
1536278400,2018-09-07 00:00:00,BCH/USD,518.5,528.0,492.5,497.27,6769004.06,13367.98
1536192000,2018-09-06 00:00:00,BCH/USD,527.28,529.2,486.07,518.5,12955445.86,25675.43
1536105600,2018-09-05 00:00:00,BCH/USD,625.51,632.17,521.5,527.28,16699687.12,29773.05
1536019200,2018-09-04 00:00:00,BCH/USD,627.55,649.91,622.0,625.51,5885265.05,9297.92
1535932800,2018-09-03 00:00:00,BCH/USD,651.98,656.77,622.33,627.55,8452454.43,13363.53
1535846400,2018-09-02 00:00:00,BCH/USD,615.32,659.0,600.23,651.98,12176201.76,19160.68
1535760000,2018-09-01 00:00:00,BCH/USD,542.57,630.0,541.49,615.32,10859755.69,18085.86
1535673600,2018-08-31 00:00:00,BCH/USD,539.35,546.02,533.0,542.57,2823490.14,5231.27
1535587200,2018-08-30 00:00:00,BCH/USD,554.2,556.52,525.0,539.35,4266689.4,7947.13
1535500800,2018-08-29 00:00:00,BCH/USD,565.0,568.0,544.31,554.2,5022809.66,9027.06
1535414400,2018-08-28 00:00:00,BCH/USD,549.27,575.01,540.22,565.0,7308355.5,13134.94
1535328000,2018-08-27 00:00:00,BCH/USD,523.91,555.23,519.19,549.27,4280607.17,8022.76
1535241600,2018-08-26 00:00:00,BCH/USD,536.51,536.51,515.08,523.91,2526305.06,4831.55
1535155200,2018-08-25 00:00:00,BCH/USD,533.88,543.78,528.41,536.51,2207950.14,4129.29
1535068800,2018-08-24 00:00:00,BCH/USD,529.46,538.0,520.0,533.88,3734691.2,7044.67
1534982400,2018-08-23 00:00:00,BCH/USD,518.4,532.92,513.7,529.46,4363443.25,8342.81
1534896000,2018-08-22 00:00:00,BCH/USD,536.0,577.0,507.63,518.4,10230697.2,18984.26
1534809600,2018-08-21 00:00:00,BCH/USD,512.89,542.97,510.24,536.0,5054189.3,9577.47
1534723200,2018-08-20 00:00:00,BCH/USD,571.01,577.0,510.04,512.89,9741084.79,18141.56
1534636800,2018-08-19 00:00:00,BCH/USD,556.76,581.58,542.01,571.01,5028144.46,8891.91
1534550400,2018-08-18 00:00:00,BCH/USD,604.22,612.44,538.35,556.76,7865948.38,13646.05
1534464000,2018-08-17 00:00:00,BCH/USD,516.3,606.66,515.51,604.22,7925450.25,14286.86
1534377600,2018-08-16 00:00:00,BCH/USD,511.12,538.78,503.59,516.3,6014583.06,11541.07
1534291200,2018-08-15 00:00:00,BCH/USD,510.98,541.38,502.24,511.12,11558355.27,22206.42
1534204800,2018-08-14 00:00:00,BCH/USD,531.54,531.54,473.0,510.98,14088294.62,28593.26
1534118400,2018-08-13 00:00:00,BCH/USD,571.48,593.49,522.0,531.54,9746616.7,17723.43
1534032000,2018-08-12 00:00:00,BCH/USD,563.31,586.33,553.45,571.48,5345752.02,9335.7
1533945600,2018-08-11 00:00:00,BCH/USD,570.58,589.0,538.12,563.31,8171419.26,14558.63
1533859200,2018-08-10 00:00:00,BCH/USD,609.52,613.0,558.38,570.58,9314305.8,15904.71
1533772800,2018-08-09 00:00:00,BCH/USD,588.76,621.4,578.0,609.52,8987559.18,14918.84
1533686400,2018-08-08 00:00:00,BCH/USD,657.41,657.63,564.39,588.76,21466350.73,35574.35
1533600000,2018-08-07 00:00:00,BCH/USD,690.79,712.25,646.0,657.41,9196991.86,13520.15
1533513600,2018-08-06 00:00:00,BCH/USD,709.38,718.99,681.52,690.79,6526900.84,9388.64
1533427200,2018-08-05 00:00:00,BCH/USD,695.76,715.0,688.0,709.38,3931927.05,5625.21
1533340800,2018-08-04 00:00:00,BCH/USD,724.99,736.89,688.69,695.76,6581874.29,9312.77
1533254400,2018-08-03 00:00:00,BCH/USD,730.56,730.56,701.0,724.99,9198737.12,12840.6
1533168000,2018-08-02 00:00:00,BCH/USD,767.44,773.58,722.5,730.56,6141759.43,8237.56
1533081600,2018-08-01 00:00:00,BCH/USD,776.28,776.96,735.52,767.44,11189398.01,14829.88
1532995200,2018-07-31 00:00:00,BCH/USD,814.23,814.78,758.97,776.28,10155579.57,13034.14
1532908800,2018-07-30 00:00:00,BCH/USD,829.99,833.2,785.0,814.23,10468977.15,12943.34
1532822400,2018-07-29 00:00:00,BCH/USD,822.89,839.0,814.53,829.99,6325678.77,7624.02
1532736000,2018-07-28 00:00:00,BCH/USD,819.86,826.0,800.06,822.89,4453212.34,5459.53
1532649600,2018-07-27 00:00:00,BCH/USD,804.0,829.0,780.0,819.86,10371233.96,12824.74
1532563200,2018-07-26 00:00:00,BCH/USD,830.26,860.0,789.25,804.0,9991883.58,12116.05
1532476800,2018-07-25 00:00:00,BCH/USD,863.53,874.0,816.6,830.26,14268074.9,16838.18
1532390400,2018-07-24 00:00:00,BCH/USD,781.81,875.0,773.5,863.53,30928604.92,36729.31
1532304000,2018-07-23 00:00:00,BCH/USD,785.22,833.33,780.11,781.81,13437488.27,16683.56
1532217600,2018-07-22 00:00:00,BCH/USD,786.62,819.99,777.0,785.22,6746613.11,8453.62
1532131200,2018-07-21 00:00:00,BCH/USD,763.0,799.85,742.07,786.62,6272136.09,8125.44
1532044800,2018-07-20 00:00:00,BCH/USD,823.49,823.49,761.1,763.0,13551506.15,17150.1
1531958400,2018-07-19 00:00:00,BCH/USD,824.34,844.0,801.65,823.49,11164052.77,13630.78
1531872000,2018-07-18 00:00:00,BCH/USD,851.54,888.19,806.13,824.34,23676072.71,27752.38
1531785600,2018-07-17 00:00:00,BCH/USD,799.74,874.2,781.34,851.54,26611615.11,32192.84
1531699200,2018-07-16 00:00:00,BCH/USD,723.36,809.0,717.1,799.74,18089857.87,23290.77
1531612800,2018-07-15 00:00:00,BCH/USD,700.59,733.18,696.63,723.36,6358917.7,8853.23
1531526400,2018-07-14 00:00:00,BCH/USD,694.7,711.56,686.49,700.59,4119405.21,5896.06
1531440000,2018-07-13 00:00:00,BCH/USD,687.99,713.5,684.6,694.7,7017747.32,10056.65
1531353600,2018-07-12 00:00:00,BCH/USD,707.51,708.08,661.73,687.99,7772979.82,11403.15
1531267200,2018-07-11 00:00:00,BCH/USD,687.33,711.4,683.3,707.51,5716531.35,8208.81
1531180800,2018-07-10 00:00:00,BCH/USD,730.0,736.0,684.11,687.33,11465097.4,16280.18
1531094400,2018-07-09 00:00:00,BCH/USD,748.99,759.0,725.93,730.0,9080700.47,12188.76
1531008000,2018-07-08 00:00:00,BCH/USD,768.99,778.8,740.85,748.99,6828047.5,8943.14
1530921600,2018-07-07 00:00:00,BCH/USD,731.04,772.86,708.57,768.99,6412798.36,8730.5
1530835200,2018-07-06 00:00:00,BCH/USD,742.83,742.95,696.5,731.04,9158424.66,12659.49
1530748800,2018-07-05 00:00:00,BCH/USD,763.64,786.54,712.81,742.83,11950434.47,16022.02
1530662400,2018-07-04 00:00:00,BCH/USD,756.17,809.0,738.11,763.64,11560836.27,14953.26
1530576000,2018-07-03 00:00:00,BCH/USD,780.99,831.99,751.24,756.17,18305080.2,23218.44
1530489600,2018-07-02 00:00:00,BCH/USD,735.74,796.62,722.14,780.99,13133059.7,17048.6
1530403200,2018-07-01 00:00:00,BCH/USD,748.15,753.8,716.18,735.74,6016708.12,8203.48
1530316800,2018-06-30 00:00:00,BCH/USD,716.4,784.99,716.4,748.15,12699165.02,16977.73
1530230400,2018-06-29 00:00:00,BCH/USD,659.65,740.0,649.0,716.4,13902792.85,20579.39
1530144000,2018-06-28 00:00:00,BCH/USD,713.05,722.0,648.65,659.65,11767885.95,17172.57
1530057600,2018-06-27 00:00:00,BCH/USD,694.69,722.02,684.43,713.05,12490606.62,17740.53
1529971200,2018-06-26 00:00:00,BCH/USD,755.39,757.61,691.7,694.69,12443610.51,17100.79
1529884800,2018-06-25 00:00:00,BCH/USD,746.8,780.8,734.8,755.39,15107230.75,20025.59
1529798400,2018-06-24 00:00:00,BCH/USD,763.0,773.64,661.24,746.8,21422831.83,29966.32
1529712000,2018-06-23 00:00:00,BCH/USD,752.2,777.99,735.0,763.0,8749306.34,11529.45
1529625600,2018-06-22 00:00:00,BCH/USD,871.43,872.5,715.55,752.2,25467040.9,32628.19
1529539200,2018-06-21 00:00:00,BCH/USD,890.88,903.03,866.13,871.43,8599527.47,9746.5
1529452800,2018-06-20 00:00:00,BCH/USD,907.5,907.52,861.18,890.88,12870249.79,14565.93
1529366400,2018-06-19 00:00:00,BCH/USD,883.64,929.99,871.0,907.5,13938595.08,15530.5
1529280000,2018-06-18 00:00:00,BCH/USD,846.71,899.41,825.4,883.64,11476728.8,13246.97
1529193600,2018-06-17 00:00:00,BCH/USD,850.1,862.0,842.12,846.71,5386999.26,6327.86
1529107200,2018-06-16 00:00:00,BCH/USD,842.84,859.32,830.94,850.1,8618060.03,10160.35
1529020800,2018-06-15 00:00:00,BCH/USD,897.02,899.26,835.0,842.84,13305443.77,15352.39
1528934400,2018-06-14 00:00:00,BCH/USD,842.99,907.99,829.0,897.02,25079034.14,28719.08
1528848000,2018-06-13 00:00:00,BCH/USD,871.0,885.0,802.0,842.99,22703729.89,26917.88
1528761600,2018-06-12 00:00:00,BCH/USD,956.14,959.89,850.0,871.0,24733425.98,27453.61
1528675200,2018-06-11 00:00:00,BCH/USD,940.0,980.0,896.58,956.14,26323740.41,28099.5
1528588800,2018-06-10 00:00:00,BCH/USD,1084.99,1084.99,902.44,940.0,36507431.37,36902.16
1528502400,2018-06-09 00:00:00,BCH/USD,1115.22,1135.03,1080.92,1084.99,9660747.74,8671.77
1528416000,2018-06-08 00:00:00,BCH/USD,1143.5,1148.5,1085.2,1115.22,15415958.91,13807.78
1528329600,2018-06-07 00:00:00,BCH/USD,1127.25,1168.77,1125.58,1143.5,19547518.08,17046.9
1528243200,2018-06-06 00:00:00,BCH/USD,1147.99,1158.25,1101.0,1127.25,23627634.33,20902.25
1528156800,2018-06-05 00:00:00,BCH/USD,1097.41,1158.83,1041.24,1147.99,29076706.07,26206.32
1528070400,2018-06-04 00:00:00,BCH/USD,1167.5,1209.99,1072.1,1097.41,36500081.1,32379.54
1527984000,2018-06-03 00:00:00,BCH/USD,1083.98,1193.31,1072.69,1167.5,28298841.44,24768.26
1527897600,2018-06-02 00:00:00,BCH/USD,1001.38,1097.5,992.0,1083.98,17653503.49,16773.54
1527811200,2018-06-01 00:00:00,BCH/USD,995.0,1009.0,964.0,1001.38,12511920.23,12605.14
1527724800,2018-05-31 00:00:00,BCH/USD,982.45,1034.03,969.66,995.0,21916588.71,21896.12
1527638400,2018-05-30 00:00:00,BCH/USD,988.42,1031.63,947.0,982.45,22991776.18,23136.55
1527552000,2018-05-29 00:00:00,BCH/USD,883.0,1006.46,872.0,988.42,28456859.55,29683.65
1527465600,2018-05-28 00:00:00,BCH/USD,995.51,1004.5,872.5,883.0,18135944.47,19459.48
1527379200,2018-05-27 00:00:00,BCH/USD,1005.09,1009.0,973.45,995.51,9211510.08,9306.96
1527292800,2018-05-26 00:00:00,BCH/USD,1013.0,1045.0,996.69,1005.09,10681788.68,10447.27
1527206400,2018-05-25 00:00:00,BCH/USD,1075.64,1076.99,986.57,1013.0,23535419.97,22865.5
1527120000,2018-05-24 00:00:00,BCH/USD,997.01,1081.0,946.1,1075.64,31683836.7,30967.82
1527033600,2018-05-23 00:00:00,BCH/USD,1134.14,1154.43,968.03,997.01,43289909.46,41611.05
1526947200,2018-05-22 00:00:00,BCH/USD,1229.87,1232.33,1120.5,1134.14,21197899.04,18040.87
1526860800,2018-05-21 00:00:00,BCH/USD,1289.76,1300.0,1212.0,1229.87,16918923.97,13546.75
1526774400,2018-05-20 00:00:00,BCH/USD,1177.39,1313.59,1167.01,1289.76,24271957.48,19303.32
1526688000,2018-05-19 00:00:00,BCH/USD,1204.25,1212.62,1150.04,1177.39,11693672.66,9884.08
1526601600,2018-05-18 00:00:00,BCH/USD,1194.93,1219.87,1130.5,1204.25,30430060.3,25670.94
1526515200,2018-05-17 00:00:00,BCH/USD,1280.58,1344.48,1170.0,1194.93,32691927.69,26070.59
1526428800,2018-05-16 00:00:00,BCH/USD,1341.62,1357.49,1221.0,1280.58,40284625.26,31754.36
1526342400,2018-05-15 00:00:00,BCH/USD,1414.01,1453.63,1311.12,1341.62,36102048.46,26094.04
1526256000,2018-05-14 00:00:00,BCH/USD,1481.47,1491.0,1326.45,1414.01,47991746.12,33822.17
1526169600,2018-05-13 00:00:00,BCH/USD,1459.99,1496.0,1410.31,1481.47,24313248.61,16697.48
1526083200,2018-05-12 00:00:00,BCH/USD,1365.0,1500.0,1275.0,1459.99,44780116.49,31958.58
1525996800,2018-05-11 00:00:00,BCH/USD,1517.36,1556.67,1312.9,1365.0,67948339.91,48146.47
1525910400,2018-05-10 00:00:00,BCH/USD,1626.91,1665.01,1510.08,1517.36,33416165.34,20941.28
1525824000,2018-05-09 00:00:00,BCH/USD,1596.21,1675.0,1452.07,1626.91,41113490.87,26233.65
1525737600,2018-05-08 00:00:00,BCH/USD,1648.96,1702.58,1532.51,1596.21,39966024.1,24812.74
1525651200,2018-05-07 00:00:00,BCH/USD,1748.8,1765.1,1558.0,1648.96,51691667.07,31553.52
1525564800,2018-05-06 00:00:00,BCH/USD,1748.89,1843.94,1625.02,1748.8,63270931.92,36397.31
1525478400,2018-05-05 00:00:00,BCH/USD,1508.09,1749.99,1505.03,1748.89,50976868.03,31037.01
1525392000,2018-05-04 00:00:00,BCH/USD,1499.0,1529.0,1461.1,1508.09,25879616.46,17322.14
1525305600,2018-05-03 00:00:00,BCH/USD,1451.99,1539.19,1448.76,1499.0,51399836.23,34368.03
1525219200,2018-05-02 00:00:00,BCH/USD,1352.01,1485.0,1323.1,1451.99,41600636.83,29147.71
1525132800,2018-05-01 00:00:00,BCH/USD,1350.49,1358.77,1239.72,1352.01,31692171.09,24549.74
1525046400,2018-04-30 00:00:00,BCH/USD,1438.37,1443.26,1330.0,1350.49,23010735.33,16558.43
1524960000,2018-04-29 00:00:00,BCH/USD,1388.97,1479.02,1368.0,1438.37,30200481.13,21145.56
1524873600,2018-04-28 00:00:00,BCH/USD,1331.46,1410.0,1315.0,1388.97,15891736.21,11483.23
1524787200,2018-04-27 00:00:00,BCH/USD,1423.31,1424.85,1326.63,1331.46,38349006.84,27629.88
1524700800,2018-04-26 00:00:00,BCH/USD,1292.01,1429.94,1244.0,1423.31,51342787.8,38411.98
1524614400,2018-04-25 00:00:00,BCH/USD,1409.29,1438.16,1205.0,1292.01,110580945.63,83908.2
1524528000,2018-04-24 00:00:00,BCH/USD,1439.27,1567.3,1380.99,1409.29,118592962.07,79612.27
1524441600,2018-04-23 00:00:00,BCH/USD,1201.47,1454.99,1200.0,1439.27,97064558.62,71015.45
1524355200,2018-04-22 00:00:00,BCH/USD,1153.58,1259.59,1110.0,1201.47,41685694.58,34664.63
1524268800,2018-04-21 00:00:00,BCH/USD,1125.07,1190.0,1015.13,1153.58,44585436.06,39903.72
1524182400,2018-04-20 00:00:00,BCH/USD,966.0,1150.0,939.98,1125.07,44998918.33,42005.26
1524096000,2018-04-19 00:00:00,BCH/USD,894.95,985.13,871.97,966.0,22335793.72,23877.26
1524009600,2018-04-18 00:00:00,BCH/USD,757.21,902.23,756.7,894.95,17689864.55,20939.99
1523923200,2018-04-17 00:00:00,BCH/USD,767.42,786.65,750.93,757.21,6436344.48,8349.06
1523836800,2018-04-16 00:00:00,BCH/USD,779.86,801.47,741.01,767.42,10253032.66,13329.13
1523750400,2018-04-15 00:00:00,BCH/USD,737.17,785.0,736.96,779.86,5682535.28,7384.93
1523664000,2018-04-14 00:00:00,BCH/USD,741.25,760.0,718.07,737.17,4349233.45,5881.7
1523577600,2018-04-13 00:00:00,BCH/USD,737.94,786.0,721.7,741.25,11549059.08,15308.1
1523491200,2018-04-12 00:00:00,BCH/USD,667.87,739.99,656.41,737.94,14514048.77,20628.89
1523404800,2018-04-11 00:00:00,BCH/USD,650.0,669.0,647.69,667.87,4640613.23,7109.73
1523318400,2018-04-10 00:00:00,BCH/USD,637.2,659.45,626.27,650.0,3045972.71,4729.11
1523232000,2018-04-09 00:00:00,BCH/USD,651.5,680.0,625.61,637.2,5052390.52,7775.11
1523145600,2018-04-08 00:00:00,BCH/USD,639.4,659.0,638.57,651.5,2609885.92,4017.21
1523059200,2018-04-07 00:00:00,BCH/USD,608.7,654.94,608.24,639.4,3654924.41,5744.17
1522972800,2018-04-06 00:00:00,BCH/USD,641.35,646.0,603.3,608.7,6098736.38,9888.67
1522886400,2018-04-05 00:00:00,BCH/USD,648.69,656.0,620.0,641.35,6308763.21,9897.02
1522800000,2018-04-04 00:00:00,BCH/USD,708.5,708.77,636.02,648.69,6262879.48,9421.08
1522713600,2018-04-03 00:00:00,BCH/USD,663.65,723.71,657.19,708.5,8243230.98,11776.38
1522627200,2018-04-02 00:00:00,BCH/USD,641.54,686.28,636.24,663.65,5076586.29,7647.33
1522540800,2018-04-01 00:00:00,BCH/USD,683.01,700.1,626.0,641.54,6981714.19,10681.58
1522454400,2018-03-31 00:00:00,BCH/USD,696.6,738.15,680.0,683.01,6761359.05,9567.97
1522368000,2018-03-30 00:00:00,BCH/USD,709.9,771.57,673.02,696.6,14598734.84,20584.82
1522281600,2018-03-29 00:00:00,BCH/USD,859.08,868.29,693.0,709.9,19854229.06,26282.94
1522195200,2018-03-28 00:00:00,BCH/USD,873.92,896.5,847.64,859.08,6284345.42,7216.72
1522108800,2018-03-27 00:00:00,BCH/USD,914.0,929.78,870.0,873.92,7228486.21,8018.31
1522022400,2018-03-26 00:00:00,BCH/USD,971.38,976.93,883.37,914.0,8120623.86,8829.14
1521936000,2018-03-25 00:00:00,BCH/USD,971.51,989.0,966.22,971.38,4411278.62,4512.47
1521849600,2018-03-24 00:00:00,BCH/USD,1025.0,1034.4,970.0,971.51,5587709.26,5538.22
1521763200,2018-03-23 00:00:00,BCH/USD,1012.3,1027.61,958.92,1025.0,7438857.52,7504.22
1521676800,2018-03-22 00:00:00,BCH/USD,1028.4,1066.5,986.0,1012.3,8551575.29,8403.02
1521590400,2018-03-21 00:00:00,BCH/USD,1061.66,1080.0,1003.21,1028.4,11524128.34,11061.0
1521504000,2018-03-20 00:00:00,BCH/USD,992.1,1071.85,950.0,1061.66,17601960.11,17244.58
1521417600,2018-03-19 00:00:00,BCH/USD,931.99,998.0,912.57,992.1,13413331.66,14018.35
1521331200,2018-03-18 00:00:00,BCH/USD,947.35,948.63,845.0,931.99,13870152.76,15489.46
1521244800,2018-03-17 00:00:00,BCH/USD,970.02,1028.85,927.0,947.35,10940926.46,11292.84
1521158400,2018-03-16 00:00:00,BCH/USD,935.37,1059.66,893.49,970.02,15904442.32,16184.8
1521072000,2018-03-15 00:00:00,BCH/USD,947.0,952.34,871.53,935.37,12589325.42,13768.6
1520985600,2018-03-14 00:00:00,BCH/USD,1052.87,1071.81,911.88,947.0,11299117.72,11445.98
1520899200,2018-03-13 00:00:00,BCH/USD,1049.32,1100.0,995.55,1052.87,10404300.74,9893.38
1520812800,2018-03-12 00:00:00,BCH/USD,1138.05,1148.0,1007.47,1049.32,10684521.14,9888.77
1520726400,2018-03-11 00:00:00,BCH/USD,1003.01,1157.54,970.0,1138.05,10134563.03,9372.58
1520640000,2018-03-10 00:00:00,BCH/USD,1067.18,1094.55,991.5,1003.01,7055509.5,6732.09
1520553600,2018-03-09 00:00:00,BCH/USD,1032.0,1075.43,927.0,1067.18,17741181.02,17957.08
1520467200,2018-03-08 00:00:00,BCH/USD,1095.3,1116.99,988.77,1032.0,11018412.06,10475.54
1520380800,2018-03-07 00:00:00,BCH/USD,1205.21,1220.0,1031.07,1095.3,14187402.28,12695.53
1520294400,2018-03-06 00:00:00,BCH/USD,1263.0,1263.0,1171.31,1205.21,7738592.34,6373.86
1520208000,2018-03-05 00:00:00,BCH/USD,1280.01,1286.76,1250.0,1263.0,5251643.91,4120.42
1520121600,2018-03-04 00:00:00,BCH/USD,1269.24,1287.0,1221.0,1280.01,5675363.35,4538.49
1520035200,2018-03-03 00:00:00,BCH/USD,1275.12,1294.96,1255.07,1269.24,6704980.14,5249.58
1519948800,2018-03-02 00:00:00,BCH/USD,1283.33,1295.0,1250.0,1275.12,7030912.08,5509.85
1519862400,2018-03-01 00:00:00,BCH/USD,1195.94,1295.0,1185.28,1283.33,10269949.7,8110.47
1519776000,2018-02-28 00:00:00,BCH/USD,1230.01,1274.1,1193.2,1195.94,8177169.19,6651.01
1519689600,2018-02-27 00:00:00,BCH/USD,1245.62,1296.22,1210.0,1230.01,9079434.2,7257.44
1519603200,2018-02-26 00:00:00,BCH/USD,1173.02,1267.0,1142.31,1245.62,12471895.95,10249.19
1519516800,2018-02-25 00:00:00,BCH/USD,1178.0,1201.46,1137.1,1173.02,6931828.7,5924.56
1519430400,2018-02-24 00:00:00,BCH/USD,1252.01,1297.01,1132.01,1178.0,10724778.42,8947.21
1519344000,2018-02-23 00:00:00,BCH/USD,1210.0,1309.98,1144.04,1252.01,15512694.22,12561.89
1519257600,2018-02-22 00:00:00,BCH/USD,1284.73,1341.66,1170.14,1210.0,18623407.56,15015.8
1519171200,2018-02-21 00:00:00,BCH/USD,1386.99,1409.91,1266.0,1284.73,24798188.16,18553.06
1519084800,2018-02-20 00:00:00,BCH/USD,1522.82,1555.0,1256.0,1386.99,24971485.85,16727.99
1518998400,2018-02-19 00:00:00,BCH/USD,1452.97,1545.0,1446.29,1522.82,12133130.09,8031.1
1518912000,2018-02-18 00:00:00,BCH/USD,1546.35,1644.0,1393.43,1452.97,25821747.23,16813.65
1518825600,2018-02-17 00:00:00,BCH/USD,1533.0,1552.0,1501.22,1546.35,15810196.36,10322.26
1518739200,2018-02-16 00:00:00,BCH/USD,1358.72,1550.0,1354.69,1533.0,36289874.24,24479.57
1518652800,2018-02-15 00:00:00,BCH/USD,1355.0,1394.0,1309.0,1358.72,21049439.53,15538.7
1518566400,2018-02-14 00:00:00,BCH/USD,1219.82,1378.88,1218.79,1355.0,19530776.33,14973.08
1518480000,2018-02-13 00:00:00,BCH/USD,1279.39,1284.7,1200.0,1219.82,10748833.54,8712.42
1518393600,2018-02-12 00:00:00,BCH/USD,1210.0,1288.82,1209.4,1279.39,9427463.38,7466.77
1518307200,2018-02-11 00:00:00,BCH/USD,1239.7,1296.49,1182.1,1210.0,12837213.7,10396.62
1518220800,2018-02-10 00:00:00,BCH/USD,1299.83,1387.78,1198.01,1239.7,23925519.75,18520.61
1518134400,2018-02-09 00:00:00,BCH/USD,1278.0,1334.96,1187.73,1299.83,29432145.47,23196.26
1518048000,2018-02-08 00:00:00,BCH/USD,955.0,1353.29,942.51,1278.0,41759982.95,34147.69
1517961600,2018-02-07 00:00:00,BCH/USD,968.01,1057.64,897.4,955.0,22178382.19,22593.74
1517875200,2018-02-06 00:00:00,BCH/USD,880.0,980.0,750.0,968.01,36753343.96,42366.87
1517788800,2018-02-05 00:00:00,BCH/USD,1156.16,1169.76,800.47,880.0,21211476.35,22368.44
1517702400,2018-02-04 00:00:00,BCH/USD,1269.71,1283.96,1090.03,1156.16,11605417.06,9841.62
1517616000,2018-02-03 00:00:00,BCH/USD,1181.0,1319.99,1052.0,1269.71,13550561.03,11307.12
1517529600,2018-02-02 00:00:00,BCH/USD,1254.86,1259.28,927.04,1181.0,30579727.25,27210.06
1517443200,2018-02-01 00:00:00,BCH/USD,1472.74,1481.43,1168.39,1254.86,27053326.52,20950.53
1517356800,2018-01-31 00:00:00,BCH/USD,1446.0,1515.0,1381.0,1472.74,21130633.53,14626.9
1517270400,2018-01-30 00:00:00,BCH/USD,1636.38,1636.38,1435.22,1446.0,20347639.21,13354.62
1517184000,2018-01-29 00:00:00,BCH/USD,1719.99,1721.2,1610.0,1636.38,10683276.56,6478.23
1517097600,2018-01-28 00:00:00,BCH/USD,1613.41,1720.59,1600.38,1719.99,41825764.3,24967.23
1517011200,2018-01-27 00:00:00,BCH/USD,1592.14,1645.0,1559.0,1613.41,10790599.97,6691.27
1516924800,2018-01-26 00:00:00,BCH/USD,1628.39,1660.0,1482.34,1592.14,15367437.82,9748.27
1516838400,2018-01-25 00:00:00,BCH/USD,1644.5,1695.0,1584.0,1628.39,10008165.67,6076.53
1516752000,2018-01-24 00:00:00,BCH/USD,1615.75,1667.0,1560.0,1644.5,10833122.34,6717.47
1516665600,2018-01-23 00:00:00,BCH/USD,1609.34,1687.69,1489.0,1615.75,16888796.06,10569.48
1516579200,2018-01-22 00:00:00,BCH/USD,1770.0,1799.0,1505.08,1609.34,21542262.76,13279.92
1516492800,2018-01-21 00:00:00,BCH/USD,2030.22,2030.73,1714.08,1770.0,21117020.49,11523.95
1516406400,2018-01-20 00:00:00,BCH/USD,1758.69,2115.82,1758.69,2030.22,27660661.58,14277.91
1516320000,2018-01-19 00:00:00,BCH/USD,1730.67,1880.0,1711.65,1758.69,20129776.45,11284.94
1516233600,2018-01-18 00:00:00,BCH/USD,1755.98,1961.3,1697.56,1730.67,30375642.34,16660.75
1516147200,2018-01-17 00:00:00,BCH/USD,1890.01,2150.0,1319.3,1755.98,63566294.39,38440.13
1516060800,2018-01-16 00:00:00,BCH/USD,2400.06,2411.62,1520.0,1890.01,80341800.19,40800.22
1515974400,2018-01-15 00:00:00,BCH/USD,2544.87,2547.89,2375.0,2400.06,21309483.09,8689.4
1515888000,2018-01-14 00:00:00,BCH/USD,2654.95,2711.64,2463.14,2544.87,20028121.78,7760.7
1515801600,2018-01-13 00:00:00,BCH/USD,2599.0,2835.18,2570.37,2654.95,31945705.06,11952.93
1515715200,2018-01-12 00:00:00,BCH/USD,2433.8,2630.0,2380.0,2599.0,28731659.88,11354.84
1515628800,2018-01-11 00:00:00,BCH/USD,2849.91,2945.04,2351.0,2433.8,73893551.35,28775.89
1515542400,2018-01-10 00:00:00,BCH/USD,2375.99,2956.0,2311.0,2849.91,93629712.66,35485.92
1515456000,2018-01-09 00:00:00,BCH/USD,2409.29,2484.23,2325.01,2375.99,22305942.82,9299.1
1515369600,2018-01-08 00:00:00,BCH/USD,2523.1,2549.67,2225.0,2409.29,34914040.76,14503.67
1515283200,2018-01-07 00:00:00,BCH/USD,2524.72,2745.01,2494.67,2523.1,34024547.57,13086.72
1515196800,2018-01-06 00:00:00,BCH/USD,2398.0,2624.97,2325.0,2524.72,41259037.92,16768.0
1515110400,2018-01-05 00:00:00,BCH/USD,2362.74,2512.0,2310.02,2398.0,35475982.21,14876.28
1515024000,2018-01-04 00:00:00,BCH/USD,2548.65,2550.0,2330.86,2362.74,33304600.7,13785.43
1514937600,2018-01-03 00:00:00,BCH/USD,2558.58,2780.0,2519.0,2548.65,37141055.64,14229.06
1514851200,2018-01-02 00:00:00,BCH/USD,2326.86,2696.0,2301.67,2558.58,40835767.88,16344.1
1514764800,2018-01-01 00:00:00,BCH/USD,2366.9,2420.0,2257.03,2326.86,15853286.87,6786.49
1514678400,2017-12-31 00:00:00,BCH/USD,2261.0,2497.99,2208.05,2366.9,27054409.1,11446.47
1514592000,2017-12-30 00:00:00,BCH/USD,2658.51,2672.0,2187.0,2261.0,37526069.81,15761.52
1514505600,2017-12-29 00:00:00,BCH/USD,2493.19,2888.0,2330.59,2658.51,53851187.26,20494.18
1514419200,2017-12-28 00:00:00,BCH/USD,2719.69,2723.8,2303.0,2493.19,52885387.4,21337.32
1514332800,2017-12-27 00:00:00,BCH/USD,2928.04,2938.01,2542.0,2719.69,42111355.36,15394.55
1514246400,2017-12-26 00:00:00,BCH/USD,2835.01,2949.0,2773.96,2928.04,43773204.02,15334.61
1514160000,2017-12-25 00:00:00,BCH/USD,2919.99,2965.81,2761.0,2835.01,36629988.56,12795.32
1514073600,2017-12-24 00:00:00,BCH/USD,3160.0,3164.99,2669.0,2919.99,86990905.51,29996.68
1513987200,2017-12-23 00:00:00,BCH/USD,2719.99,3499.77,2555.0,3160.0,208508224.21,66275.45
1513900800,2017-12-22 00:00:00,BCH/USD,3162.53,3231.44,1550.0,2719.99,264649649.22,104937.49
1513814400,2017-12-21 00:00:00,BCH/USD,3746.84,3749.96,2910.0,3162.53,237755366.04,72406.41
1513728000,2017-12-20 00:00:00,BCH/USD,9000.0,9500.0,3161.69,3746.84,302352404.28,79612.84
